,player_name,total_wins,aces,breakpoints_won,total_breakpoints,double_faults,first_serve_points_won,first_serve_successful,second_serve_points_won,second_serve_successful,points_spread,FS Win %,SS Win %,BP Conv %,Ace Rank,DF Rank,Total Win Rank,Point Spread Rank,FS Win Rank,SS Win Rank,BP Rank,Mean Ranks,Mean Ranks Ranked,Month,last_refreshed
1,"Added, Dan",0,4,0,0,2,25,38,10,23,-17,0.6578947368421053,0.4347826086956521,,2044.0,345.5,2088.0,1823.0,1834.0,2304.5,,1739.8333333333333,2231.0,January 2026,2026-01-28
19,"Alcaraz, Carlos",5,30,26,58,8,223,300,86,136,117,0.7433333333333333,0.6323529411764706,0.4482758620689655,639.5,1400.0,205.0,29.5,596.0,299.0,707.5,553.7857142857143,41.0,January 2026,2026-01-28
31,"Altmaier, Daniel",0,18,2,3,11,70,118,25,63,-84,0.5932203389830508,0.3968253968253968,0.6666666666666666,1059.0,1700.5,2088.0,2545.0,2286.0,2399.0,103.5,1740.142857142857,2232.0,January 2026,2026-01-28
44,Andreozzi G / Carle M L,1,5,7,22,5,58,107,27,47,-19,0.5420560747663551,0.574468085106383,0.3181818181818182,1937.5,942.5,1342.5,1920.5,2442.0,960.0,1666.5,1601.642857142857,2003.5,January 2026,2026-01-28
53,"Arnaldi, Matteo",1,14,5,19,9,81,118,36,70,-12,0.6864406779661016,0.5142857142857142,0.2631578947368421,1263.0,1513.5,1342.5,1533.5,1468.0,1787.0,1939.5,1549.571428571429,1885.0,January 2026,2026-01-28
65,"Atmane, Terence",1,38,4,13,11,148,196,76,132,-39,0.7551020408163265,0.5757575757575758,0.3076923076923077,444.0,1700.5,1342.5,2429.0,452.5,935.5,1734.0,1291.142857142857,1325.0,January 2026,2026-01-28
73,Auger-Aliassime F / Mboko V,1,3,4,5,2,22,29,10,14,15,0.7586206896551724,0.7142857142857143,0.8,2166.0,345.5,1342.5,568.0,407.5,48.0,56.5,704.8571428571429,175.0,January 2026,2026-01-28
78,"Auger-Aliassime, Felix",1,22,5,12,6,93,125,35,65,-11,0.744,0.5384615384615384,0.4166666666666667,900.0,1108.0,1342.5,1476.5,584.0,1485.0,915.5,1115.928571428571,955.0,January 2026,2026-01-28
92,"Baez, Sebastian",8,32,38,81,17,428,666,116,185,60,0.6426426426426426,0.6270270270270271,0.4691358024691358,584.5,2105.5,32.0,129.5,1979.0,337.0,594.0,823.0714285714286,350.0,January 2026,2026-01-28
103,"Bailly, Gilles Arnaud",2,8,7,13,6,140,208,44,82,-1,0.6730769230769231,0.5365853658536586,0.5384615384615384,1648.0,1108.0,870.0,1001.5,1647.5,1508.5,276.0,1151.357142857143,1027.0,January 2026,2026-01-28
106,"Barrena, Alex",0,1,1,1,4,47,72,10,21,-16,0.6527777777777778,0.4761904761904761,1.0,2419.5,758.5,2088.0,1767.5,1888.0,2098.0,25.0,1577.7857142857142,1947.0,January 2026,2026-01-28
112,"Barrios Vera, Marcelo Tomas",1,5,7,15,3,93,150,16,27,-1,0.62,0.5925925925925926,0.4666666666666667,1937.5,555.0,1342.5,1001.5,2127.0,710.5,610.5,1183.5,1092.0,January 2026,2026-01-28
121,"Basavareddy, Nishesh",5,65,13,40,33,279,372,154,256,-5,0.75,0.6015625,0.325,146.5,2482.0,205.0,1170.5,507.0,582.0,1644.0,962.4285714285714,620.0,January 2026,2026-01-28
131,"Basilashvili, Nikoloz",0,11,2,4,11,22,42,15,28,-35,0.5238095238095238,0.5357142857142857,0.5,1440.0,1700.5,2088.0,2376.0,2470.0,1519.5,428.0,1717.428571428571,2200.0,January 2026,2026-01-28
144,"Bautista Agut, Roberto",0,13,2,11,3,81,124,30,51,-30,0.6532258064516129,0.5882352941176471,0.1818181818181818,1326.5,555.0,2088.0,2302.5,1882.0,766.5,2209.0,1589.928571428571,1973.0,January 2026,2026-01-28
150,"Becroft, Isaac",0,2,1,4,2,18,31,11,24,-18,0.5806451612903226,0.4583333333333333,0.25,2296.5,345.5,2088.0,1870.0,2339.0,2201.5,1997.5,1876.857142857143,2406.0,January 2026,2026-01-28
155,"Bellucci, Mattia",1,34,5,15,10,134,176,40,81,-28,0.7613636363636364,0.4938271604938271,0.3333333333333333,525.0,1615.0,1342.5,2259.0,381.0,1991.0,1548.5,1380.2857142857142,1516.0,January 2026,2026-01-28
163,"Bencic, Belinda",5,6,25,49,11,169,234,46,85,96,0.7222222222222222,0.5411764705882353,0.5102040816326531,1835.0,1700.5,205.0,51.0,912.0,1450.0,333.5,926.7142857142856,547.5,January 2026,2026-01-28
165,Bergs Z / Mertens E,1,10,11,21,9,84,120,28,55,19,0.7,0.509090909090909,0.5238095238095238,1508.5,1513.5,1342.5,489.0,1265.5,1831.5,303.5,1179.142857142857,1079.5,January 2026,2026-01-28
170,"Bergs, Zizou",3,51,9,29,17,228,313,117,172,28,0.7284345047923323,0.6802325581395349,0.3103448275862069,265.0,2105.5,564.5,359.0,825.0,103.0,1717.5,848.5,387.0,January 2026,2026-01-28
177,"Bernet, Henry",0,13,4,6,3,40,56,12,29,-11,0.7142857142857143,0.4137931034482758,0.6666666666666666,1326.5,555.0,2088.0,1476.5,1033.0,2357.5,103.5,1277.142857142857,1299.0,January 2026,2026-01-28
195,"Blancaneaux, Geoffrey",0,3,0,2,4,30,43,11,23,-19,0.6976744186046512,0.4782608695652174,0.0,2166.0,758.5,2088.0,1920.5,1302.5,2081.0,2389.5,1815.142857142857,2333.0,January 2026,2026-01-28
203,"Blanchet, Ugo",0,2,0,0,3,41,57,15,34,-19,0.7192982456140351,0.4411764705882353,,2296.5,555.0,2088.0,1920.5,956.0,2279.5,,1682.5833333333333,2138.0,January 2026,2026-01-28
214,"Blockx, Alexander",2,22,10,28,4,123,152,53,86,46,0.8092105263157895,0.6162790697674418,0.3571428571428571,900.0,758.5,870.0,204.0,73.0,438.0,1352.5,656.5714285714286,110.0,January 2026,2026-01-28
223,"Bolt, Alex",0,14,0,5,2,51,75,13,20,-8,0.68,0.65,0.0,1263.0,345.5,2088.0,1319.5,1553.5,196.0,2389.5,1307.857142857143,1353.0,January 2026,2026-01-28
232,"Bonzi, Benjamin",0,19,4,21,16,128,191,59,99,-47,0.6701570680628273,0.5959595959595959,0.1904761904761904,1021.5,2051.5,2088.0,2488.0,1686.0,661.0,2198.0,1742.0,2234.0,January 2026,2026-01-28
249,"Borges, Nuno",5,48,21,35,11,351,484,94,179,7,0.7252066115702479,0.5251396648044693,0.6,295.5,1700.5,205.0,759.0,875.0,1650.0,168.5,807.6428571428571,320.0,January 2026,2026-01-28
260,"Bouquier, Arthur",0,2,0,2,2,20,37,5,12,-27,0.5405405405405406,0.4166666666666667,0.0,2296.5,345.5,2088.0,2233.5,2446.5,2352.0,2389.5,2021.642857142857,2518.0,January 2026,2026-01-28
264,"Bouzas Maneiro, Jessica",1,5,13,19,19,62,107,36,61,1,0.5794392523364486,0.5901639344262295,0.6842105263157895,1937.5,2192.5,1342.5,925.5,2343.0,752.5,81.0,1367.7857142857142,1491.0,January 2026,2026-01-28
265,"Bouzige, Moerani",0,5,1,1,0,29,38,12,21,-11,0.7631578947368421,0.5714285714285714,1.0,1937.5,47.5,2088.0,1476.5,355.5,1014.0,25.0,992.0,689.0,January 2026,2026-01-28
271,"Boyer, Tristan",2,14,12,29,5,121,183,37,74,11,0.6612021857923497,0.5,0.4137931034482758,1263.0,942.5,870.0,670.0,1793.5,1928.0,938.0,1200.7142857142858,1130.0,January 2026,2026-01-28
282,"Brooksby, Jenson",1,6,6,30,9,88,144,36,63,-24,0.6111111111111112,0.5714285714285714,0.2,1835.0,1513.5,1342.5,2145.5,2191.0,1014.0,2167.0,1744.071428571429,2240.0,January 2026,2026-01-28
301,"Bu, Yunchaokete",0,11,0,4,3,64,95,35,58,-43,0.6736842105263158,0.603448275862069,0.0,1440.0,555.0,2088.0,2461.0,1641.5,569.0,2389.5,1592.0,1980.0,January 2026,2026-01-28
313,"Bublik, Alexander",7,98,21,46,28,336,436,100,165,67,0.7706422018348624,0.6060606060606061,0.4565217391304347,38.5,2430.5,67.0,100.5,294.0,545.0,654.0,589.9285714285714,58.0,January 2026,2026-01-28
323,"Budkov Kjaer, Nicolai",3,26,10,25,8,180,257,52,88,-1,0.7003891050583657,0.5909090909090909,0.4,756.5,1400.0,564.5,1001.5,1260.0,736.0,1054.0,967.5,633.0,January 2026,2026-01-28
329,"Bueno, Gonzalo",1,2,3,3,8,57,96,26,36,0,0.59375,0.7222222222222222,1.0,2296.5,1400.0,1342.5,963.0,2282.0,41.0,25.0,1192.857142857143,1116.0,January 2026,2026-01-28
335,"Burruchaga, Roman Andres",1,4,6,14,4,45,72,13,25,8,0.625,0.52,0.4285714285714285,2044.0,758.5,1342.5,734.5,2096.5,1715.5,828.0,1359.928571428571,1470.0,January 2026,2026-01-28
353,"Carballes Baena, Roberto",1,8,5,26,3,75,99,28,45,23,0.7575757575757576,0.6222222222222222,0.1923076923076923,1648.0,555.0,1342.5,423.0,415.5,377.5,2195.0,993.7857142857144,695.0,January 2026,2026-01-28
360,"Carreno Busta, Pablo",2,19,12,31,10,192,278,67,128,-16,0.6906474820143885,0.5234375,0.3870967741935484,1021.5,1615.0,870.0,1767.5,1397.5,1676.0,1138.5,1355.142857142857,1461.0,January 2026,2026-01-28
366,"Cassone, Murphy",1,11,4,9,2,65,97,28,49,-6,0.6701030927835051,0.5714285714285714,0.4444444444444444,1440.0,345.5,1342.5,1222.0,1688.0,1014.0,733.5,1112.2142857142858,944.5,January 2026,2026-01-28
373,"Cazaux, Arthur",1,12,3,8,1,40,51,12,20,20,0.7843137254901961,0.6,0.375,1381.0,169.0,1342.5,473.5,198.0,607.0,1219.5,770.0714285714286,266.0,January 2026,2026-01-28
381,"Cecchinato, Marco",0,3,0,0,3,26,40,12,22,-26,0.65,0.5454545454545454,,2166.0,555.0,2088.0,2209.5,1916.5,1395.5,,1721.75,2204.0,January 2026,2026-01-28
387,"Cerundolo, Francisco",3,27,18,37,8,206,278,97,158,50,0.7410071942446043,0.6139240506329114,0.4864864864864865,725.5,1400.0,564.5,178.5,636.0,460.5,533.5,642.6428571428571,96.0,January 2026,2026-01-28
398,"Cerundolo, Juan Manuel",1,16,6,26,13,99,146,78,135,-34,0.678082191780822,0.5777777777777777,0.2307692307692307,1154.5,1868.0,1342.5,2364.5,1578.5,914.5,2086.5,1615.571428571429,2027.0,January 2026,2026-01-28
405,Cervantes I / Cavalle-Reimers Y,0,3,2,5,2,25,42,11,22,-20,0.5952380952380952,0.5,0.4,2166.0,345.5,2088.0,1972.0,2274.0,1928.0,1054.0,1689.642857142857,2146.0,January 2026,2026-01-28
413,"Choinski, Jan",0,5,0,4,1,26,31,6,17,-9,0.8387096774193549,0.3529411764705882,0.0,1937.5,169.0,2088.0,1373.0,26.0,2462.0,2389.5,1492.142857142857,1753.0,January 2026,2026-01-28
420,"Cilic, Marin",3,61,18,42,22,177,220,91,151,65,0.8045454545454546,0.6026490066225165,0.4285714285714285,176.5,2302.0,564.5,106.5,91.0,577.0,828.0,663.6428571428571,126.0,January 2026,2026-01-28
427,"Cina, Federico",1,9,4,13,4,93,132,27,52,-12,0.7045454545454546,0.5192307692307693,0.3076923076923077,1576.0,758.5,1342.5,1533.5,1199.5,1730.0,1734.0,1410.571428571429,1583.0,January 2026,2026-01-28
432,"Clarke, Jay",0,1,0,2,0,41,73,1,2,-10,0.5616438356164384,0.5,0.0,2419.5,47.5,2088.0,1426.5,2392.5,1928.0,2389.5,1813.071428571429,2329.0,January 2026,2026-01-28
440,"Cobolli, Flavio",1,20,8,21,14,113,164,78,129,-31,0.6890243902439024,0.6046511627906976,0.3809523809523809,983.5,1936.0,1342.5,2319.5,1428.5,557.0,1173.5,1391.5,1543.0,January 2026,2026-01-28
456,"Collignon, Raphael",4,50,15,62,20,228,298,95,158,21,0.7651006711409396,0.6012658227848101,0.2419354838709677,278.5,2232.0,352.0,456.0,340.0,585.0,2047.0,898.6428571428571,478.5,January 2026,2026-01-28
466,"Comesana, Francisco",2,53,7,25,14,198,263,68,114,-5,0.752851711026616,0.5964912280701754,0.28,241.5,1936.0,870.0,1170.5,481.0,652.5,1872.5,1032.0,776.0,January 2026,2026-01-28
474,"Coppejans, Kimmer",2,23,9,22,3,100,145,35,62,14,0.6896551724137931,0.5645161290322581,0.4090909090909091,856.5,555.0,870.0,593.5,1416.0,1121.0,979.0,913.0,512.0,January 2026,2026-01-28
490,"Crawford, Oliver",0,3,4,8,2,29,51,15,24,-5,0.5686274509803921,0.625,0.5,2166.0,345.5,2088.0,1170.5,2378.0,350.5,428.0,1275.2142857142858,1293.0,January 2026,2026-01-28
497,"Damm Jr, Martin",3,57,8,20,20,155,196,40,73,8,0.7908163265306123,0.547945205479452,0.4,209.5,2232.0,564.5,734.5,156.5,1356.0,1054.0,901.0,487.0,January 2026,2026-01-28
513,"Darderi, Luciano",4,74,20,55,16,258,347,128,231,9,0.7435158501440923,0.5541125541125541,0.3636363636363636,99.0,2051.5,352.0,713.0,594.0,1276.0,1306.0,913.0714285714286,513.0,January 2026,2026-01-28
525,"Davidovich Fokina, Alejandro",4,39,18,42,14,293,406,95,160,23,0.7216748768472906,0.59375,0.4285714285714285,429.0,1936.0,352.0,423.0,918.0,695.0,828.0,797.2857142857143,304.0,January 2026,2026-01-28
537,"De Jong, Jesper",0,14,6,13,9,100,147,55,111,-42,0.6802721088435374,0.4954954954954955,0.4615384615384615,1263.0,1513.5,2088.0,2454.5,1549.5,1984.0,633.0,1640.7857142857142,2076.0,January 2026,2026-01-28
545,"Delaney, Jake",0,13,2,10,6,43,60,17,32,-12,0.7166666666666667,0.53125,0.2,1326.5,1108.0,2088.0,1533.5,991.5,1569.0,2167.0,1540.5,1860.0,January 2026,2026-01-28
551,"Dellien, Hugo",0,1,0,3,1,25,46,8,13,-18,0.5434782608695652,0.6153846153846154,0.0,2419.5,169.0,2088.0,1870.0,2441.0,447.5,2389.5,1689.2142857142858,2145.0,January 2026,2026-01-28
561,"Den Ouden, Guy",0,1,1,4,2,29,38,14,26,-12,0.7631578947368421,0.5384615384615384,0.25,2419.5,345.5,2088.0,1533.5,355.5,1485.0,1997.5,1460.642857142857,1685.0,January 2026,2026-01-28
572,"Diallo, Gabriel",1,33,7,19,13,178,247,54,99,-25,0.7206477732793523,0.5454545454545454,0.3684210526315789,554.5,1868.0,1342.5,2180.5,935.0,1395.5,1273.0,1364.142857142857,1480.0,January 2026,2026-01-28
581,"Diaz Acosta, Facundo",0,3,4,7,5,65,100,19,38,-16,0.65,0.5,0.5714285714285714,2166.0,942.5,2088.0,1767.5,1916.5,1928.0,213.0,1574.5,1933.0,January 2026,2026-01-28
586,"Dimitrov, Grigor",1,29,3,11,7,104,141,38,77,-22,0.7375886524822695,0.4935064935064935,0.2727272727272727,669.0,1264.5,1342.5,2065.0,681.0,1992.0,1903.0,1416.7142857142858,1600.0,January 2026,2026-01-28
594,"Djere, Laslo",2,20,7,22,13,158,219,65,119,-24,0.7214611872146118,0.5462184873949579,0.3181818181818182,983.5,1868.0,870.0,2145.5,924.0,1379.0,1666.5,1405.2142857142858,1571.0,January 2026,2026-01-28
605,"Djokovic, Novak",4,33,18,44,11,167,212,52,93,93,0.7877358490566038,0.5591397849462365,0.4090909090909091,554.5,1700.5,352.0,57.5,179.0,1204.0,979.0,718.0714285714286,194.0,January 2026,2026-01-28
613,"Dodig, Matej",0,2,2,11,2,40,62,12,28,-13,0.6451612903225806,0.4285714285714285,0.1818181818181818,2296.5,345.5,2088.0,1593.0,1960.0,2323.0,2209.0,1830.7142857142856,2345.0,January 2026,2026-01-28
630,"Draxl, Liam",3,31,13,27,12,150,226,74,136,-15,0.6637168141592921,0.5441176470588235,0.4814814814814814,611.5,1787.0,564.5,1708.0,1769.5,1413.5,547.5,1200.2142857142858,1129.0,January 2026,2026-01-28
639,"Droguet, Titouan",1,15,4,6,0,51,64,17,33,11,0.796875,0.5151515151515151,0.6666666666666666,1205.5,47.5,1342.5,670.0,126.0,1778.0,103.5,753.2857142857143,238.0,January 2026,2026-01-28
650,"Duckworth, James",3,54,10,39,18,231,301,109,191,-20,0.7674418604651163,0.5706806282722513,0.2564102564102564,232.5,2153.5,564.5,1972.0,321.0,1034.5,1952.0,1175.7142857142858,1070.0,January 2026,2026-01-28
657,Durasovic V / Eikeri U,0,3,1,12,3,56,89,10,21,-24,0.6292134831460674,0.4761904761904761,0.0833333333333333,2166.0,555.0,2088.0,2145.5,2068.5,2098.0,2298.0,1917.0,2438.0,January 2026,2026-01-28
659,"Durasovic, Viktor",0,1,2,2,0,23,40,13,24,-16,0.575,0.5416666666666666,1.0,2419.5,47.5,2088.0,1767.5,2360.5,1441.0,25.0,1449.857142857143,1661.0,January 2026,2026-01-28
669,"Dzumhur, Damir",1,11,15,29,11,132,206,60,120,-19,0.6407766990291263,0.5,0.5172413793103449,1440.0,1700.5,1342.5,1920.5,1991.5,1928.0,316.5,1519.928571428571,1815.0,January 2026,2026-01-28
677,"Echargui, Moez",0,3,1,2,1,24,35,12,24,-13,0.6857142857142857,0.5,0.5,2166.0,169.0,2088.0,1593.0,1484.0,1928.0,428.0,1408.0,1576.0,January 2026,2026-01-28
680,"Ellis, Blake",0,9,1,5,1,42,68,8,18,-13,0.6176470588235294,0.4444444444444444,0.2,1576.0,169.0,2088.0,1593.0,2141.5,2266.5,2167.0,1714.428571428571,2194.5,January 2026,2026-01-28
684,"Engel, Justin",0,10,0,3,4,49,63,12,26,-11,0.7777777777777778,0.4615384615384615,0.0,1508.5,758.5,2088.0,1476.5,242.0,2184.0,2389.5,1521.0,1817.0,January 2026,2026-01-28
696,"Etcheverry, Tomas Martin",3,65,15,49,9,283,372,128,194,40,0.760752688172043,0.6597938144329897,0.3061224489795918,146.5,1513.5,564.5,251.0,386.0,158.5,1746.5,680.9285714285714,147.0,January 2026,2026-01-28
715,"Evans, Daniel",0,1,0,0,4,13,25,11,23,-24,0.52,0.4782608695652174,,2419.5,758.5,2088.0,2145.5,2480.0,2081.0,,1995.4166666666667,2501.0,January 2026,2026-01-28
722,"Faria, Jaime",4,31,16,43,15,193,263,85,134,32,0.7338403041825095,0.6343283582089553,0.3720930232558139,611.5,1997.5,352.0,314.5,734.0,289.5,1244.5,791.9285714285714,292.5,January 2026,2026-01-28
728,"Fatic, Nerman",0,7,1,1,2,18,31,2,10,-18,0.5806451612903226,0.2,1.0,1732.5,345.5,2088.0,1870.0,2339.0,2537.5,25.0,1562.5,1906.0,January 2026,2026-01-28
732,"Fearnley, Jacob",1,42,14,36,38,196,294,74,118,-47,0.6666666666666666,0.6271186440677966,0.3888888888888889,378.5,2518.0,1342.5,2488.0,1731.5,336.0,1127.5,1417.428571428571,1602.0,January 2026,2026-01-28
744,"Fery, Arthur",4,22,19,48,2,161,231,62,105,64,0.696969696969697,0.5904761904761905,0.3958333333333333,900.0,345.5,352.0,111.5,1314.5,746.5,1100.5,695.7857142857143,162.0,January 2026,2026-01-28
751,"Ficovich, Juan Pablo",0,3,3,8,5,28,42,9,25,-9,0.6666666666666666,0.36,0.375,2166.0,942.5,2088.0,1373.0,1731.5,2453.0,1219.5,1710.5,2189.0,January 2026,2026-01-28
771,"Fonseca, Joao",0,10,2,9,5,42,63,19,34,-22,0.6666666666666666,0.5588235294117647,0.2222222222222222,1508.5,942.5,2088.0,2065.0,1731.5,1212.0,2112.0,1665.642857142857,2120.0,January 2026,2026-01-28
781,"Fritz, Taylor",4,136,15,54,15,385,490,133,239,7,0.7857142857142857,0.5564853556485355,0.2777777777777778,9.5,1997.5,352.0,759.0,191.0,1239.0,1880.0,918.2857142857144,527.0,January 2026,2026-01-28
793,"Fucsovics, Marton",2,19,14,25,15,166,252,83,147,-8,0.6587301587301587,0.564625850340136,0.56,1021.5,1997.5,870.0,1319.5,1824.0,1119.0,235.0,1198.071428571429,1126.0,January 2026,2026-01-28
805,"Galan, Daniel Elahi",0,3,1,1,1,26,43,10,18,-6,0.6046511627906976,0.5555555555555556,1.0,2166.0,169.0,2088.0,1222.0,2226.5,1259.5,25.0,1308.0,1354.0,January 2026,2026-01-28
811,"Galarneau, Alexis",0,3,1,1,2,19,32,12,23,-15,0.59375,0.5217391304347826,1.0,2166.0,345.5,2088.0,1708.0,2282.0,1692.0,25.0,1472.357142857143,1716.0,January 2026,2026-01-28
822,"Garin, Cristian",0,28,5,16,12,103,152,61,106,-45,0.6776315789473685,0.5754716981132075,0.3125,696.5,1787.0,2088.0,2476.0,1584.0,941.0,1704.5,1611.0,2021.0,January 2026,2026-01-28
836,"Gaston, Hugo",2,17,13,35,11,144,206,50,117,-13,0.6990291262135923,0.4273504273504273,0.3714285714285714,1103.0,1700.5,870.0,1593.0,1277.0,2328.0,1250.0,1445.928571428571,1651.0,January 2026,2026-01-28
843,"Gaubas, Vilius",1,6,3,13,3,77,112,20,41,-9,0.6875,0.4878048780487805,0.2307692307692307,1835.0,555.0,1342.5,1373.0,1455.0,2020.5,2086.5,1523.928571428571,1821.0,January 2026,2026-01-28
848,"Gauff, Coco",3,5,18,35,28,106,155,31,55,29,0.6838709677419355,0.5636363636363636,0.5142857142857142,1937.5,2430.5,564.5,346.5,1501.5,1136.5,325.0,1177.428571428571,1074.0,January 2026,2026-01-28
850,"Gea, Arthur",4,32,20,50,19,222,315,74,115,55,0.7047619047619048,0.6434782608695652,0.4,584.5,2192.5,352.0,150.0,1194.0,229.0,1054.0,822.2857142857143,348.0,January 2026,2026-01-28
863,Gille S / Minnen G,0,3,2,10,0,29,43,17,29,-12,0.6744186046511628,0.5862068965517241,0.2,2166.0,47.5,2088.0,1533.5,1626.0,796.5,2167.0,1489.2142857142858,1745.5,January 2026,2026-01-28
868,"Giron, Marcos",6,42,33,72,16,312,454,109,215,31,0.6872246696035242,0.5069767441860465,0.4583333333333333,378.5,2051.5,119.5,327.0,1462.0,1847.0,647.5,976.1428571428572,651.5,January 2026,2026-01-28
876,"Giustino, Lorenzo",0,2,1,1,1,35,57,1,3,-21,0.6140350877192983,0.3333333333333333,1.0,2296.5,169.0,2088.0,2020.0,2167.5,2485.0,25.0,1607.2857142857142,2011.0,January 2026,2026-01-28
877,"Glinka, Daniil",1,13,7,20,4,52,86,25,52,-18,0.6046511627906976,0.4807692307692308,0.35,1326.5,758.5,1342.5,1870.0,2226.5,2065.0,1406.5,1570.7857142857142,1923.0,January 2026,2026-01-28
904,"Grenier, Hugo",1,9,3,17,3,46,63,17,34,-9,0.7301587301587301,0.5,0.1764705882352941,1576.0,555.0,1342.5,1373.0,797.0,1928.0,2219.0,1398.642857142857,1555.5,January 2026,2026-01-28
907,Griekspoor T / Schuurs D,0,4,1,3,1,20,35,4,9,-22,0.5714285714285714,0.4444444444444444,0.3333333333333333,2044.0,169.0,2088.0,2065.0,2370.0,2266.5,1548.5,1793.0,2300.0,January 2026,2026-01-28
912,"Griekspoor, Tallon",0,15,3,9,15,96,162,33,63,-102,0.5925925925925926,0.5238095238095238,0.3333333333333333,1205.5,1997.5,2088.0,2547.0,2290.0,1669.0,1548.5,1906.5,2430.0,January 2026,2026-01-28
920,"Gueymard Wayenburg, Sascha",0,6,2,6,4,27,44,11,18,-13,0.6136363636363636,0.6111111111111112,0.3333333333333333,1835.0,758.5,2088.0,1593.0,2173.0,491.5,1548.5,1498.2142857142858,1770.0,January 2026,2026-01-28
925,"Guillen Meza, Alvaro",0,1,0,4,0,29,37,8,16,-7,0.7837837837837838,0.5,0.0,2419.5,47.5,2088.0,1273.5,199.5,1928.0,2389.5,1477.928571428571,1720.5,January 2026,2026-01-28
935,"Habib, Hady",0,5,0,0,2,21,42,2,5,-22,0.5,0.4,,1937.5,345.5,2088.0,2065.0,2501.5,2389.0,,1887.75,2412.0,January 2026,2026-01-28
945,"Halys, Quentin",7,102,20,60,24,360,458,120,220,46,0.7860262008733624,0.5454545454545454,0.3333333333333333,34.5,2348.0,67.0,204.0,188.0,1395.5,1548.5,826.5,355.0,January 2026,2026-01-28
957,"Hanfmann, Yannick",1,36,7,18,7,137,183,52,96,-8,0.7486338797814208,0.5416666666666666,0.3888888888888889,479.5,1264.5,1342.5,1319.5,526.0,1441.0,1127.5,1071.5,859.0,January 2026,2026-01-28
966,Harper C / Mboko V,0,0,3,6,1,23,34,8,19,-5,0.6764705882352942,0.4210526315789473,0.5,2511.0,169.0,2088.0,1170.5,1598.0,2338.5,428.0,1471.857142857143,1715.0,January 2026,2026-01-28
970,"Harris, Billy",1,14,5,13,6,93,131,49,85,-13,0.7099236641221374,0.5764705882352941,0.3846153846153846,1263.0,1108.0,1342.5,1593.0,1099.5,927.5,1154.0,1212.5,1160.0,January 2026,2026-01-28
981,"Harris, Lloyd",0,5,1,7,0,45,62,11,17,-3,0.7258064516129032,0.6470588235294118,0.1428571428571428,1937.5,47.5,2088.0,1086.0,869.0,211.0,2261.0,1214.2857142857142,1166.0,January 2026,2026-01-28
987,Harrison C / Gauff C,2,10,12,26,9,86,133,32,53,28,0.6466165413533834,0.6037735849056604,0.4615384615384615,1508.5,1513.5,870.0,359.0,1949.0,564.0,633.0,1056.7142857142858,819.0,January 2026,2026-01-28
990,"Hassan, Benjamin",1,13,4,11,3,73,109,28,54,-7,0.6697247706422018,0.5185185185185185,0.3636363636363636,1326.5,555.0,1342.5,1273.5,1692.0,1740.5,1306.0,1319.428571428571,1376.0,January 2026,2026-01-28
996,"Heide, Gustavo",1,11,4,16,9,66,105,17,31,-4,0.6285714285714286,0.5483870967741935,0.25,1440.0,1513.5,1342.5,1127.0,2072.5,1350.5,1997.5,1549.071428571429,1884.0,January 2026,2026-01-28
997,"Helgo, Malene",0,4,4,7,5,49,80,23,50,-28,0.6125,0.46,0.5714285714285714,2044.0,942.5,2088.0,2259.0,2181.0,2192.5,213.0,1702.857142857143,2175.0,January 2026,2026-01-28
1010,"Herbert, Pierre-Hugues",2,26,6,14,7,93,116,28,53,6,0.8017241379310345,0.5283018867924528,0.4285714285714285,756.5,1264.5,870.0,786.5,102.0,1609.0,828.0,888.0714285714286,457.0,January 2026,2026-01-28
1018,"Hewitt, Cruz",0,8,5,11,7,47,85,17,32,-25,0.5529411764705883,0.53125,0.4545454545454545,1648.0,1264.5,2088.0,2180.5,2416.0,1569.0,672.0,1691.142857142857,2149.0,January 2026,2026-01-28
1023,"Hijikata, Rinky",5,37,21,49,17,251,356,97,169,23,0.7050561797752809,0.5739644970414202,0.4285714285714285,460.5,2105.5,205.0,423.0,1189.0,968.5,828.0,882.7857142857143,445.0,January 2026,2026-01-28
1033,"Holmgren, August",0,8,0,3,0,30,41,5,10,-9,0.7317073170731707,0.5,0.0,1648.0,47.5,2088.0,1373.0,772.5,1928.0,2389.5,1463.7857142857142,1692.0,January 2026,2026-01-28
1042,"Holt, Brandon",1,19,4,17,2,101,135,32,66,8,0.7481481481481481,0.4848484848484848,0.2352941176470588,1021.5,345.5,1342.5,734.5,532.0,2040.0,2066.0,1154.571428571429,1036.0,January 2026,2026-01-28
1050,"Hsu, Yu Hsiou",0,6,2,6,1,43,59,8,21,-4,0.7288135593220338,0.3809523809523809,0.3333333333333333,1835.0,169.0,2088.0,1127.0,818.0,2430.0,1548.5,1430.7857142857142,1623.0,January 2026,2026-01-28
1062,"Humbert, Ugo",4,51,18,38,20,274,357,111,192,45,0.7675070028011205,0.578125,0.4736842105263157,265.0,2232.0,352.0,211.5,319.0,911.5,579.0,695.7142857142857,160.5,January 2026,2026-01-28
1069,"Hunter, Storm",1,2,4,10,3,36,45,7,17,15,0.8,0.4117647058823529,0.4,2296.5,555.0,1342.5,568.0,110.0,2362.0,1054.0,1184.0,1093.0,January 2026,2026-01-28
1074,"Hurkacz, Hubert",5,122,9,42,6,336,412,83,164,28,0.8155339805825242,0.5060975609756098,0.2142857142857142,19.0,1108.0,205.0,359.0,58.0,1856.0,2130.5,819.3571428571429,341.0,January 2026,2026-01-28
1081,"Jacquet, Kyrian",0,19,3,8,6,79,103,40,70,-12,0.7669902912621359,0.5714285714285714,0.375,1021.5,1108.0,2088.0,1533.5,325.0,1014.0,1219.5,1187.071428571429,1101.0,January 2026,2026-01-28
1094,"Jarry, Nicolas",0,2,1,3,0,28,46,7,15,-21,0.6086956521739131,0.4666666666666667,0.3333333333333333,2296.5,47.5,2088.0,2020.0,2208.5,2147.5,1548.5,1765.2142857142858,2260.0,January 2026,2026-01-28
1100,"Jasika, Omar",0,1,2,6,0,20,37,7,20,-21,0.5405405405405406,0.35,0.3333333333333333,2419.5,47.5,2088.0,2020.0,2446.5,2468.0,1548.5,1862.571428571429,2390.0,January 2026,2026-01-28
1104,"Jeanjean, Leolia",0,11,2,7,8,48,82,14,33,-42,0.5853658536585366,0.4242424242424242,0.2857142857142857,1440.0,1400.0,2088.0,2454.5,2322.5,2331.0,1837.0,1981.857142857143,2491.0,January 2026,2026-01-28
1112,"Jodar, Rafael",4,19,21,47,6,207,310,69,125,25,0.667741935483871,0.552,0.4468085106382978,1021.5,1108.0,352.0,397.0,1707.0,1306.0,714.0,943.6428571428572,582.0,January 2026,2026-01-28
1114,"Joint, Maya",0,1,1,3,4,26,60,13,30,-58,0.4333333333333333,0.4333333333333333,0.3333333333333333,2419.5,758.5,2088.0,2523.5,2535.0,2309.0,1548.5,2026.0,2520.0,January 2026,2026-01-28
1117,"Jovanovski, Daniel",0,3,1,5,5,30,42,13,28,-16,0.7142857142857143,0.4642857142857143,0.2,2166.0,942.5,2088.0,1767.5,1033.0,2165.0,2167.0,1761.2857142857142,2254.0,January 2026,2026-01-28
1132,"Kecmanovic, Miomir",0,19,6,19,7,135,194,47,92,-37,0.6958762886597938,0.5108695652173914,0.3157894736842105,1021.5,1264.5,2088.0,2403.5,1328.0,1818.0,1685.0,1658.357142857143,2108.0,January 2026,2026-01-28
1145,"Khachanov, Karen",2,65,12,36,10,231,300,85,152,27,0.77,0.5592105263157895,0.3333333333333333,146.5,1615.0,870.0,371.0,297.5,1203.0,1548.5,864.5,416.0,January 2026,2026-01-28
1159,"Klein, Lukas",2,10,9,35,8,151,214,42,87,10,0.705607476635514,0.4827586206896552,0.2571428571428571,1508.5,1400.0,870.0,693.0,1178.0,2054.5,1951.0,1379.2857142857142,1513.0,January 2026,2026-01-28
1171,"Kokkinakis, Thanasi",1,15,3,5,1,43,61,24,38,4,0.7049180327868853,0.631578947368421,0.6,1205.5,169.0,1342.5,838.5,1192.0,303.0,168.5,745.5714285714286,228.0,January 2026,2026-01-28
1172,"Kolar, Zdenek",0,1,0,4,5,26,33,5,12,-15,0.7878787878787878,0.4166666666666667,0.0,2419.5,942.5,2088.0,1708.0,176.0,2352.0,2389.5,1725.071428571429,2206.0,January 2026,2026-01-28
1177,"Kopriva, Vit",2,27,13,32,12,163,253,69,133,-19,0.6442687747035574,0.518796992481203,0.40625,725.5,1787.0,870.0,1920.5,1965.0,1736.5,997.0,1428.7857142857142,1618.0,January 2026,2026-01-28
1187,"Korda, Sebastian",2,54,7,30,15,189,237,90,143,20,0.7974683544303798,0.6293706293706294,0.2333333333333333,232.5,1997.5,870.0,473.5,119.0,321.0,2072.0,869.3571428571429,424.0,January 2026,2026-01-28
1205,"Kovacevic, Aleksandar",3,83,5,14,20,225,279,90,150,-14,0.8064516129032258,0.6,0.3571428571428571,69.5,2232.0,564.5,1652.0,86.5,607.0,1352.5,937.7142857142856,571.0,January 2026,2026-01-28
1220,"Krejcikova, Barbora",2,18,11,20,20,91,110,37,66,30,0.8272727272727273,0.5606060606060606,0.55,1059.0,2232.0,870.0,337.5,36.0,1179.5,256.0,852.8571428571429,399.5,January 2026,2026-01-28
1225,"Krueger, Mitchell",0,5,1,1,1,36,60,12,20,-9,0.6,0.6,1.0,1937.5,169.0,2088.0,1373.0,2250.0,607.0,25.0,1207.071428571429,1146.0,January 2026,2026-01-28
1232,"Kubler, Jason",3,30,9,32,5,137,176,44,80,23,0.7784090909090909,0.55,0.28125,639.5,942.5,564.5,423.0,236.0,1331.0,1867.5,857.7142857142857,407.0,January 2026,2026-01-28
1250,"Kym, Jerome",1,21,4,17,4,55,75,21,38,14,0.7333333333333333,0.5526315789473685,0.2352941176470588,945.0,758.5,1342.5,593.5,745.0,1296.0,2066.0,1106.642857142857,927.0,January 2026,2026-01-28
1256,"Kypson, Patrick",1,37,6,14,14,148,197,51,105,-30,0.751269035532995,0.4857142857142857,0.4285714285714285,460.5,1936.0,1342.5,2302.5,493.5,2032.5,828.0,1342.2142857142858,1427.0,January 2026,2026-01-28
1259,"Kyrgios, Nick",0,5,0,0,0,23,29,10,17,-13,0.7931034482758621,0.5882352941176471,,1937.5,47.5,2088.0,1593.0,142.5,766.5,,1095.8333333333333,900.0,January 2026,2026-01-28
1263,"Lajal, Mark",0,6,1,2,5,37,47,11,22,-13,0.7872340425531915,0.5,0.5,1835.0,942.5,2088.0,1593.0,181.0,1928.0,428.0,1285.071428571429,1309.0,January 2026,2026-01-28
1273,"Lajovic, Dusan",2,19,7,26,7,143,195,39,74,17,0.7333333333333333,0.527027027027027,0.2692307692307692,1021.5,1264.5,870.0,522.0,745.0,1624.5,1914.0,1137.357142857143,1007.0,January 2026,2026-01-28
1279,"Lamens, Suzan",0,1,3,8,10,38,69,15,31,-40,0.5507246376811594,0.4838709677419355,0.375,2419.5,1615.0,2088.0,2439.5,2427.0,2048.5,1219.5,2036.7142857142856,2526.0,January 2026,2026-01-28
1285,"Landaluce, Martin",1,16,4,7,13,90,129,34,60,-19,0.6976744186046512,0.5666666666666667,0.5714285714285714,1154.5,1868.0,1342.5,1920.5,1302.5,1092.0,213.0,1270.428571428571,1275.0,January 2026,2026-01-28
1294,"Lehecka, Jiri",1,22,6,11,1,122,164,40,82,-6,0.7439024390243902,0.4878048780487805,0.5454545454545454,900.0,169.0,1342.5,1222.0,586.0,2020.5,262.0,928.8571428571428,557.0,January 2026,2026-01-28
1309,"Llamas Ruiz, Pablo",1,8,5,9,2,87,135,16,37,-8,0.6444444444444445,0.4324324324324324,0.5555555555555556,1648.0,345.5,1342.5,1319.5,1964.0,2312.0,245.5,1311.0,1357.0,January 2026,2026-01-28
1314,"Loffhagen, George",2,26,4,28,7,110,144,50,91,16,0.7638888888888888,0.5494505494505495,0.1428571428571428,756.5,1264.5,870.0,544.5,351.5,1339.5,2261.0,1055.357142857143,812.5,January 2026,2026-01-28
1318,"Lys, Eva",1,0,13,26,12,65,114,22,44,7,0.5701754385964912,0.5,0.5,2511.0,1787.0,1342.5,759.0,2376.0,1928.0,428.0,1590.2142857142858,1974.5,January 2026,2026-01-28
1324,"Machac, Tomas",7,70,28,67,20,411,574,160,275,38,0.7160278745644599,0.5818181818181818,0.417910447761194,120.5,2232.0,67.0,263.5,1002.0,860.0,904.0,778.4285714285714,273.0,January 2026,2026-01-28
1332,"Maestrelli, Francesco",4,65,14,48,17,229,313,92,161,-2,0.731629392971246,0.5714285714285714,0.2916666666666667,146.5,2105.5,352.0,1044.5,775.0,1014.0,1807.0,1034.928571428571,781.0,January 2026,2026-01-28
1341,"Majchrzak, Kamil",4,48,20,56,14,315,442,125,220,23,0.7126696832579186,0.5681818181818182,0.3571428571428571,295.5,1936.0,352.0,423.0,1060.0,1069.5,1352.5,926.9285714285714,550.0,January 2026,2026-01-28
1356,"Mannarino, Adrian",0,11,1,8,6,78,133,33,72,-71,0.5864661654135338,0.4583333333333333,0.125,1440.0,1108.0,2088.0,2540.0,2315.0,2201.5,2277.5,1995.7142857142856,2502.5,January 2026,2026-01-28
1365,"Marinkov, Pavle",0,2,0,1,3,21,33,20,28,-13,0.6363636363636364,0.7142857142857143,0.0,2296.5,555.0,2088.0,1593.0,2022.5,48.0,2389.5,1570.357142857143,1922.0,January 2026,2026-01-28
1370,"Marozsan, Fabian",5,38,29,72,13,372,542,121,233,16,0.6863468634686347,0.51931330472103,0.4027777777777778,444.0,1868.0,205.0,544.5,1470.0,1728.0,1010.0,1038.5,787.0,January 2026,2026-01-28
1395,"Martinez, Pedro",0,2,0,0,6,42,70,10,22,-41,0.6,0.4545454545454545,,2296.5,1108.0,2088.0,2449.0,2250.0,2226.5,,2069.6666666666665,2534.0,January 2026,2026-01-28
1410,"Mayot, Harold",0,6,0,1,4,33,50,10,20,-17,0.66,0.5,0.0,1835.0,758.5,2088.0,1823.0,1805.0,1928.0,2389.5,1803.857142857143,2315.5,January 2026,2026-01-28
1416,"Mboko, Victoria",1,18,7,14,10,76,107,27,50,-2,0.7102803738317757,0.54,0.5,1059.0,1615.0,1342.5,1044.5,1091.0,1462.0,428.0,1148.857142857143,1022.0,January 2026,2026-01-28
1419,"McCabe, James",1,19,4,7,2,91,119,23,44,8,0.7647058823529411,0.5227272727272727,0.5714285714285714,1021.5,345.5,1342.5,734.5,345.0,1680.0,213.0,811.7142857142857,329.0,January 2026,2026-01-28
1428,"McDonald, Mackenzie",2,23,11,31,6,153,235,69,120,-7,0.6510638297872341,0.575,0.3548387096774194,856.5,1108.0,870.0,1273.5,1906.0,950.0,1372.5,1190.928571428571,1112.0,January 2026,2026-01-28
1440,"Medjedovic, Hamad",4,71,17,45,28,253,346,96,165,14,0.7312138728323699,0.5818181818181818,0.3777777777777777,113.5,2430.5,352.0,593.5,777.0,860.0,1192.0,902.6428571428572,490.0,January 2026,2026-01-28
1451,"Medvedev, Daniil",8,96,45,90,48,394,548,127,223,123,0.718978102189781,0.5695067264573991,0.5,41.5,2541.5,32.0,24.0,963.0,1052.0,428.0,726.0,204.0,January 2026,2026-01-28
1459,"Mejia, Nicolas",1,6,5,16,3,67,99,21,42,-8,0.6767676767676768,0.5,0.3125,1835.0,555.0,1342.5,1319.5,1594.0,1928.0,1704.5,1468.357142857143,1705.0,January 2026,2026-01-28
1472,"Mensik, Jakub",8,136,36,79,55,398,514,163,314,72,0.77431906614786,0.5191082802547771,0.4556962025316455,9.5,2544.5,32.0,85.5,266.0,1732.0,657.0,760.9285714285714,248.0,January 2026,2026-01-28
1481,"Merida, Daniel",1,11,7,22,7,88,134,20,46,-5,0.6567164179104478,0.4347826086956521,0.3181818181818182,1440.0,1264.5,1342.5,1170.5,1848.5,2304.5,1666.5,1576.7142857142858,1943.0,January 2026,2026-01-28
1483,"Mertens, Elise",3,26,17,30,11,131,173,68,114,46,0.7572254335260116,0.5964912280701754,0.5666666666666667,756.5,1700.5,564.5,204.0,425.5,652.5,226.0,647.0714285714286,100.0,January 2026,2026-01-28
1489,"Michelsen, Alex",4,52,14,51,14,286,399,109,191,2,0.7167919799498746,0.5706806282722513,0.2745098039215686,251.0,1936.0,352.0,890.5,989.0,1034.5,1891.5,1049.2142857142858,805.0,January 2026,2026-01-28
1496,"Mikrut, Luka",0,3,2,2,2,33,54,19,32,-12,0.6111111111111112,0.59375,1.0,2166.0,345.5,2088.0,1533.5,2191.0,695.0,25.0,1292.0,1327.0,January 2026,2026-01-28
1500,"Misolic, Filip",1,13,5,24,12,113,165,50,105,-46,0.6848484848484848,0.4761904761904761,0.2083333333333333,1326.5,1787.0,1342.5,2481.0,1490.0,2098.0,2140.0,1809.2857142857144,2322.0,January 2026,2026-01-28
1511,"Mmoh, Michael",4,48,10,30,17,194,252,59,105,14,0.7698412698412699,0.5619047619047619,0.3333333333333333,295.5,2105.5,352.0,593.5,299.0,1167.0,1548.5,908.7142857142856,502.0,January 2026,2026-01-28
1517,"Mochizuki, Shintaro",0,12,5,26,26,137,197,76,147,-57,0.6954314720812182,0.5170068027210885,0.1923076923076923,1381.0,2397.0,2088.0,2519.5,1336.0,1756.0,2195.0,1953.2142857142856,2470.0,January 2026,2026-01-28
1525,"Molcan, Alex",1,2,2,8,4,67,113,19,30,-20,0.5929203539823009,0.6333333333333333,0.25,2296.5,758.5,1342.5,1972.0,2289.0,294.0,1997.5,1564.2857142857142,1911.0,January 2026,2026-01-28
1530,"Moller, Elmer",1,7,6,17,14,87,123,18,34,-1,0.7073170731707317,0.5294117647058824,0.3529411764705882,1732.5,1936.0,1342.5,1001.5,1156.0,1596.0,1387.5,1450.2857142857142,1663.5,January 2026,2026-01-28
1541,"Monfils, Gael",0,24,4,15,12,111,149,50,96,-21,0.7449664429530202,0.5208333333333334,0.2666666666666666,822.0,1787.0,2088.0,2020.0,573.0,1704.0,1924.0,1559.7142857142858,1899.0,January 2026,2026-01-28
1555,"Moreno de Alboran, Nicolas",0,3,0,4,0,27,37,8,13,-10,0.7297297297297297,0.6153846153846154,0.0,2166.0,47.5,2088.0,1426.5,804.0,447.5,2389.5,1338.428571428571,1418.5,January 2026,2026-01-28
1565,"Moutet, Corentin",2,16,13,19,14,107,163,56,96,14,0.656441717791411,0.5833333333333334,0.6842105263157895,1154.5,1936.0,870.0,593.5,1851.5,837.0,81.0,1046.2142857142858,800.5,January 2026,2026-01-28
1577,"Mpetshi Perricard, Giovanni",4,159,8,32,21,350,464,101,165,-34,0.7543103448275862,0.6121212121212121,0.25,3.0,2270.0,352.0,2364.5,461.0,481.0,1997.5,1132.7142857142858,993.5,January 2026,2026-01-28
1590,"Muller, Alexandre",2,24,13,32,13,213,316,66,130,-59,0.6740506329113924,0.5076923076923077,0.40625,822.0,1868.0,870.0,2527.0,1633.0,1842.5,997.0,1508.5,1791.0,January 2026,2026-01-28
1602,"Munar, Jaume",3,65,19,56,20,287,387,118,205,24,0.7416020671834626,0.5756097560975609,0.3392857142857143,146.5,2232.0,564.5,409.5,628.0,938.5,1454.0,910.4285714285714,508.0,January 2026,2026-01-28
1613,"Musetti, Lorenzo",7,59,40,106,23,391,556,165,264,109,0.7032374100719424,0.625,0.3773584905660377,189.5,2326.0,67.0,36.0,1218.0,350.5,1195.0,768.8571428571429,262.0,January 2026,2026-01-28
1633,"Nakashima, Brandon",4,54,11,34,6,213,278,66,115,27,0.7661870503597122,0.5739130434782609,0.3235294117647059,232.5,1108.0,352.0,371.0,332.0,970.5,1648.0,716.2857142857143,188.0,January 2026,2026-01-28
1651,"Nardi, Luca",0,14,6,25,11,85,129,44,79,-25,0.6589147286821705,0.5569620253164557,0.24,1263.0,1700.5,2088.0,2180.5,1819.0,1234.5,2053.5,1762.7142857142858,2256.0,January 2026,2026-01-28
1661,"Nava, Emilio",4,84,20,53,19,335,460,117,195,25,0.7282608695652174,0.6,0.3773584905660377,66.5,2192.5,352.0,397.0,829.0,607.0,1195.0,805.5714285714286,313.0,January 2026,2026-01-28
1669,"Navone, Mariano",0,12,7,21,11,117,198,57,102,-45,0.5909090909090909,0.5588235294117647,0.3333333333333333,1381.0,1700.5,2088.0,2476.0,2295.0,1212.0,1548.5,1814.4285714285716,2332.0,January 2026,2026-01-28
1678,"Neumayer, Lukas",0,6,2,8,2,31,50,22,41,-11,0.62,0.5365853658536586,0.25,1835.0,345.5,2088.0,1476.5,2127.0,1508.5,1997.5,1625.428571428571,2043.0,January 2026,2026-01-28
1693,"Nishioka, Yoshihito",1,4,6,15,0,35,64,12,16,8,0.546875,0.75,0.4,2044.0,47.5,1342.5,734.5,2434.5,26.5,1054.0,1097.642857142857,905.0,January 2026,2026-01-28
1706,"Norrie, Cameron",4,53,20,63,19,357,502,149,236,22,0.7111553784860558,0.6313559322033898,0.3174603174603174,241.5,2192.5,352.0,438.0,1083.0,305.0,1672.5,897.7857142857143,477.0,January 2026,2026-01-28
1718,"O'Connell, Christopher",1,51,15,21,7,164,235,58,132,-6,0.6978723404255319,0.4393939393939394,0.7142857142857143,265.0,1264.5,1342.5,1222.0,1299.0,2290.0,75.5,1108.357142857143,935.0,January 2026,2026-01-28
1728,"Ofner, Sebastian",1,23,3,7,9,84,112,33,53,5,0.75,0.6226415094339622,0.4285714285714285,856.5,1513.5,1342.5,813.5,507.0,370.5,828.0,890.2142857142857,462.0,January 2026,2026-01-28
1734,"Olivieri, Genaro Alberto",0,0,0,3,2,28,48,1,2,-20,0.5833333333333334,0.5,0.0,2511.0,345.5,2088.0,1972.0,2328.0,1928.0,2389.5,1937.4285714285716,2458.0,January 2026,2026-01-28
1738,"Onclin, Gauthier",0,1,2,5,6,36,61,19,25,-6,0.5901639344262295,0.76,0.4,2419.5,1108.0,2088.0,1222.0,2301.0,19.5,1054.0,1458.857142857143,1684.0,January 2026,2026-01-28
1747,"Opelka, Reilly",3,162,8,25,27,317,391,79,109,28,0.8107416879795396,0.7247706422018348,0.32,2.0,2413.5,564.5,359.0,68.0,38.0,1656.5,728.7857142857143,207.0,January 2026,2026-01-28
1754,"Osaka, Naomi",1,7,6,19,4,47,73,25,39,13,0.6438356164383562,0.6410256410256411,0.3157894736842105,1732.5,758.5,1342.5,620.0,1967.0,246.5,1685.0,1193.142857142857,1117.0,January 2026,2026-01-28
1757,"Pacheco Mendez, Rodrigo",0,2,1,4,3,18,41,1,5,-22,0.4390243902439024,0.2,0.25,2296.5,555.0,2088.0,2065.0,2534.0,2537.5,1997.5,2010.5,2513.0,January 2026,2026-01-28
1762,"Paolini, Jasmine",1,6,8,22,4,50,81,25,48,5,0.6172839506172839,0.5208333333333334,0.3636363636363636,1835.0,758.5,1342.5,813.5,2146.5,1704.0,1306.0,1415.142857142857,1595.0,January 2026,2026-01-28
1768,"Passaro, Francesco",1,22,5,20,4,84,118,20,44,2,0.711864406779661,0.4545454545454545,0.25,900.0,758.5,1342.5,890.5,1069.5,2226.5,1997.5,1312.142857142857,1360.0,January 2026,2026-01-28
1773,Paul J / Bencic B,4,11,15,27,5,141,215,36,79,20,0.6558139534883721,0.4556962025316455,0.5555555555555556,1440.0,942.5,352.0,473.5,1861.0,2214.5,245.5,1075.571428571429,868.0,January 2026,2026-01-28
1779,"Paul, Tommy",5,58,23,45,9,275,347,143,215,109,0.792507204610951,0.6651162790697674,0.5111111111111111,200.5,1513.5,205.0,36.0,145.0,148.0,331.5,368.5,2.0,January 2026,2026-01-28
1784,Pavlasek A / Krejcikova B,1,2,3,6,2,34,47,6,7,11,0.723404255319149,0.8571428571428571,0.5,2296.5,345.5,1342.5,670.0,895.5,5.0,428.0,854.7142857142857,403.0,January 2026,2026-01-28
1786,"Pavlovic, Luka",0,6,1,2,2,20,36,14,23,-19,0.5555555555555556,0.6086956521739131,0.5,1835.0,345.5,2088.0,1920.5,2408.5,518.0,428.0,1363.357142857143,1479.0,January 2026,2026-01-28
1789,Pel D / Schuurs D,0,0,0,0,0,0,0,0,0,-2,,,,2511.0,47.5,2088.0,1044.5,,,,1422.75,1611.0,January 2026,2026-01-28
1791,"Pellegrino, Andrea",0,8,4,8,4,32,56,14,29,-17,0.5714285714285714,0.4827586206896552,0.5,1648.0,758.5,2088.0,1823.0,2370.0,2054.5,428.0,1595.7142857142858,1990.0,January 2026,2026-01-28
1795,"Peniston, Ryan",0,1,1,7,3,16,35,3,13,-24,0.4571428571428571,0.2307692307692307,0.1428571428571428,2419.5,555.0,2088.0,2145.5,2530.5,2532.5,2261.0,2076.0,2536.0,January 2026,2026-01-28
1801,"Pinnington Jones, Jack",0,5,2,6,6,31,57,2,2,-7,0.543859649122807,1.0,0.3333333333333333,1937.5,1108.0,2088.0,1273.5,2440.0,2.5,1548.5,1485.428571428571,1737.5,January 2026,2026-01-28
1806,"Piros, Zsombor",0,7,3,12,4,69,114,22,44,-24,0.6052631578947368,0.5,0.25,1732.5,758.5,2088.0,2145.5,2221.5,1928.0,1997.5,1838.7857142857144,2359.0,January 2026,2026-01-28
1812,"Polmans, Marc",0,0,2,9,2,43,69,5,11,-8,0.6231884057971014,0.4545454545454545,0.2222222222222222,2511.0,345.5,2088.0,1319.5,2106.0,2226.5,2112.0,1815.5,2334.0,January 2026,2026-01-28
1817,"Popko, Dmitry",0,8,1,4,1,50,71,26,49,-11,0.704225352112676,0.5306122448979592,0.25,1648.0,169.0,2088.0,1476.5,1203.5,1579.0,1997.5,1451.642857142857,1669.5,January 2026,2026-01-28
1825,"Popyrin, Alexei",0,63,6,13,2,152,194,57,100,-9,0.7835051546391752,0.57,0.4615384615384615,161.5,345.5,2088.0,1373.0,201.0,1043.5,633.0,835.0714285714286,364.0,January 2026,2026-01-28
1835,"Prado Angelo, Juan Carlos",0,0,0,0,0,12,25,10,22,-23,0.48,0.4545454545454545,,2511.0,47.5,2088.0,2107.0,2518.5,2226.5,,1916.4166666666667,2436.0,January 2026,2026-01-28
1841,"Prizmic, Dino",2,14,13,40,18,158,213,63,108,23,0.7417840375586855,0.5833333333333334,0.325,1263.0,2153.5,870.0,423.0,624.0,837.0,1644.0,1116.357142857143,957.0,January 2026,2026-01-28
1853,"Quinn, Ethan",3,51,18,50,16,216,293,95,156,34,0.7372013651877133,0.6089743589743589,0.36,265.0,2051.5,564.5,295.5,684.0,513.5,1335.0,815.5714285714286,334.0,January 2026,2026-01-28
1860,"Raducanu, Emma",0,0,3,11,4,36,63,10,21,-16,0.5714285714285714,0.4761904761904761,0.2727272727272727,2511.0,758.5,2088.0,1767.5,2370.0,2098.0,1903.0,1928.0,2449.0,January 2026,2026-01-28
1870,"Reis Da Silva, Joao Lucas",0,2,0,2,1,26,45,9,18,-17,0.5777777777777777,0.5,0.0,2296.5,169.0,2088.0,1823.0,2351.0,1928.0,2389.5,1863.571428571429,2391.0,January 2026,2026-01-28
1874,"Riedi, Leandro",1,8,5,6,5,82,116,24,54,-1,0.7068965517241379,0.4444444444444444,0.8333333333333334,1648.0,942.5,1342.5,1001.5,1164.0,2266.5,53.5,1202.642857142857,1139.0,January 2026,2026-01-28
1885,"Rinderknech, Arthur",1,48,7,17,10,158,218,92,146,-6,0.7247706422018348,0.6301369863013698,0.4117647058823529,295.5,1615.0,1342.5,1222.0,882.0,311.0,958.0,946.5714285714286,588.0,January 2026,2026-01-28
1899,"Rocha, Henrique",1,14,5,14,7,74,100,28,48,16,0.74,0.5833333333333334,0.3571428571428571,1263.0,1264.5,1342.5,544.5,651.5,837.0,1352.5,1036.5,784.0,January 2026,2026-01-28
1905,"Rodesch, Chris",1,11,5,19,8,75,112,14,22,3,0.6696428571428571,0.6363636363636364,0.2631578947368421,1440.0,1400.0,1342.5,864.0,1695.0,273.5,1939.5,1279.2142857142858,1305.0,January 2026,2026-01-28
1910,"Rodionov, Jurij",1,13,6,12,4,55,89,13,32,-12,0.6179775280898876,0.40625,0.5,1326.5,758.5,1342.5,1533.5,2139.0,2376.0,428.0,1414.857142857143,1593.0,January 2026,2026-01-28
1917,Roger-Vasselin E / Rakotomanga Rajaonah T S,0,11,5,11,6,62,99,20,44,-23,0.6262626262626263,0.4545454545454545,0.4545454545454545,1440.0,1108.0,2088.0,2107.0,2085.0,2226.5,672.0,1675.2142857142858,2131.0,January 2026,2026-01-28
1923,"Royer, Valentin",0,32,4,9,11,126,183,45,91,-50,0.6885245901639344,0.4945054945054945,0.4444444444444444,584.5,1700.5,2088.0,2497.0,1437.5,1989.0,733.5,1575.7142857142858,1938.0,January 2026,2026-01-28
1934,"Rublev, Andrey",4,43,19,46,13,273,355,86,151,50,0.7690140845070422,0.5695364238410596,0.4130434782608695,366.0,1868.0,352.0,178.5,307.0,1051.0,945.5,724.0,200.0,January 2026,2026-01-28
1955,"Ruud, Casper",4,62,18,52,19,309,420,113,190,25,0.7357142857142858,0.5947368421052631,0.3461538461538461,170.5,2192.5,352.0,397.0,705.5,684.0,1430.0,847.3571428571429,381.5,January 2026,2026-01-28
1966,"Sachko, Vitaliy",1,18,8,26,9,90,139,42,65,1,0.6474820143884892,0.6461538461538462,0.3076923076923077,1059.0,1513.5,1342.5,925.5,1938.5,218.0,1734.0,1247.2857142857142,1229.0,January 2026,2026-01-28
1982,"Sakamoto, Rei",3,22,15,34,8,182,257,79,122,38,0.708171206225681,0.6475409836065574,0.4411764705882353,900.0,1400.0,564.5,263.5,1137.0,206.0,756.5,746.7857142857143,230.0,January 2026,2026-01-28
1986,Sakellaridis S / Papamichail D,0,5,1,6,2,26,23,8,16,-10,1.1304347826086956,0.5,0.1666666666666666,1937.5,345.5,2088.0,1426.5,2.0,1928.0,2236.0,1423.357142857143,1612.0,January 2026,2026-01-28
1988,Sakkari M / Tsitsipas S,1,10,7,17,3,58,86,15,22,15,0.6744186046511628,0.6818181818181818,0.4117647058823529,1508.5,555.0,1342.5,568.0,1626.0,97.0,958.0,950.7142857142856,596.0,January 2026,2026-01-28
1989,"Sakkari, Maria",2,5,11,26,1,93,151,27,57,6,0.6158940397350994,0.4736842105263157,0.4230769230769231,1937.5,169.0,870.0,786.5,2155.0,2110.0,867.0,1270.7142857142858,1277.0,January 2026,2026-01-28
1997,"Schoolkate, Tristan",0,25,3,12,14,80,112,37,78,-57,0.7142857142857143,0.4743589743589743,0.25,788.0,1936.0,2088.0,2519.5,1033.0,2105.5,1997.5,1781.071428571429,2278.0,January 2026,2026-01-28
2011,"Sekulic, Philip",0,7,3,6,2,31,46,8,25,-8,0.6739130434782609,0.32,0.5,1732.5,345.5,2088.0,1319.5,1637.5,2495.0,428.0,1435.142857142857,1634.0,January 2026,2026-01-28
2021,"Seyboth Wild, Thiago",1,7,3,10,3,64,88,25,37,-1,0.7272727272727273,0.6756756756756757,0.3,1732.5,555.0,1342.5,1001.5,840.5,114.0,1772.5,1051.2142857142858,806.0,January 2026,2026-01-28
2028,"Shang, Juncheng",3,29,10,21,15,197,266,78,129,-5,0.7406015037593985,0.6046511627906976,0.4761904761904761,669.0,1997.5,564.5,1170.5,644.0,557.0,569.5,881.7142857142857,444.0,January 2026,2026-01-28
2036,"Shapovalov, Denis",1,25,5,14,10,98,138,48,82,-13,0.7101449275362319,0.5853658536585366,0.3571428571428571,788.0,1615.0,1342.5,1593.0,1094.0,807.0,1352.5,1227.428571428571,1187.0,January 2026,2026-01-28
2048,"Shelton, Ben",5,89,17,50,16,319,426,109,164,62,0.7488262910798122,0.6646341463414634,0.34,52.5,2051.5,205.0,119.5,525.0,149.0,1452.5,650.7142857142857,103.0,January 2026,2026-01-28
2055,"Shepp, Anton",0,11,1,1,1,27,43,12,26,-15,0.627906976744186,0.4615384615384615,1.0,1440.0,169.0,2088.0,1708.0,2076.5,2184.0,25.0,1384.357142857143,1524.0,January 2026,2026-01-28
2061,"Shevchenko, Alexander",5,46,22,53,19,268,383,116,211,2,0.6997389033942559,0.5497630331753555,0.4150943396226415,325.5,2192.5,205.0,890.5,1272.0,1337.0,929.5,1021.7142857142856,750.0,January 2026,2026-01-28
2072,"Shimabukuro, Sho",0,11,1,2,3,37,49,22,38,-6,0.7551020408163265,0.5789473684210527,0.5,1440.0,555.0,2088.0,1222.0,452.5,902.5,428.0,1012.5714285714286,732.0,January 2026,2026-01-28
2082,"Sierra, Solana",1,8,8,16,14,65,108,31,64,-27,0.6018518518518519,0.484375,0.5,1648.0,1936.0,1342.5,2233.5,2239.5,2043.0,428.0,1695.7857142857142,2162.0,January 2026,2026-01-28
2086,"Sinner, Jannik",5,65,24,52,8,218,287,83,139,106,0.759581881533101,0.5971223021582733,0.4615384615384615,146.5,1400.0,205.0,42.5,399.0,644.5,633.0,495.7857142857143,17.0,January 2026,2026-01-28
2101,Skupski N / Nicholls O,2,3,3,6,4,58,63,26,43,15,0.9206349206349206,0.6046511627906976,0.5,2166.0,758.5,870.0,568.0,4.0,557.0,428.0,764.5,253.0,January 2026,2026-01-28
2103,Smith J / Hunter S,1,3,3,13,2,46,71,15,25,0,0.647887323943662,0.6,0.2307692307692307,2166.0,345.5,1342.5,963.0,1936.0,607.0,2086.5,1349.5,1443.0,January 2026,2026-01-28
2106,"Smith, Colton",1,10,3,6,4,60,88,28,45,1,0.6818181818181818,0.6222222222222222,0.5,1508.5,758.5,1342.5,925.5,1533.0,377.5,428.0,981.9285714285714,663.0,January 2026,2026-01-28
2116,"Sonego, Lorenzo",2,27,12,29,10,135,191,46,83,13,0.7068062827225131,0.5542168674698795,0.4137931034482758,725.5,1615.0,870.0,620.0,1166.0,1274.5,938.0,1029.857142857143,768.5,January 2026,2026-01-28
2127,"Spizzirri, Eliot",6,58,34,83,13,358,475,119,224,89,0.7536842105263157,0.53125,0.4096385542168674,200.5,1868.0,119.5,61.0,471.0,1569.0,973.0,751.7142857142857,236.0,January 2026,2026-01-28
2151,"Struff, Jan-Lennard",3,55,18,59,19,215,298,84,146,23,0.7214765100671141,0.5753424657534246,0.3050847457627119,223.0,2192.5,564.5,423.0,923.0,942.0,1748.5,1002.3571428571428,710.0,January 2026,2026-01-28
2170,"Svajda, Zachary",3,35,14,27,11,156,213,47,76,43,0.7323943661971831,0.618421052631579,0.5185185185185185,501.0,1700.5,564.5,228.5,761.0,420.0,314.5,641.4285714285714,95.0,January 2026,2026-01-28
2176,Svrcina D / Fruhvirtova L,1,7,3,4,4,45,54,12,24,12,0.8333333333333334,0.5,0.75,1732.5,758.5,1342.5,644.5,30.5,1928.0,66.0,928.9285714285714,558.5,January 2026,2026-01-28
2177,Svrcina D / Skoch M,0,0,1,5,3,17,27,6,13,-11,0.6296296296296297,0.4615384615384615,0.2,2511.0,555.0,2088.0,1476.5,2065.5,2184.0,2167.0,1863.857142857143,2392.0,January 2026,2026-01-28
2180,"Svrcina, Dalibor",0,9,6,12,12,82,128,39,70,-36,0.640625,0.5571428571428572,0.5,1576.0,1787.0,2088.0,2388.0,1994.0,1232.0,428.0,1641.857142857143,2077.0,January 2026,2026-01-28
2186,"Swan, Katie",0,4,1,3,2,29,50,15,31,-22,0.58,0.4838709677419355,0.3333333333333333,2044.0,345.5,2088.0,2065.0,2342.0,2048.5,1548.5,1783.071428571429,2281.0,January 2026,2026-01-28
2188,"Sweeny, Dane",6,25,26,70,27,318,472,131,224,20,0.673728813559322,0.5848214285714286,0.3714285714285714,788.0,2413.5,119.5,473.5,1640.0,811.0,1250.0,1070.7857142857142,857.0,January 2026,2026-01-28
2190,"Swiatek, Iga",3,17,22,47,8,132,216,59,109,27,0.6111111111111112,0.5412844036697247,0.4680851063829787,1103.0,1400.0,564.5,371.0,2191.0,1448.0,602.5,1097.142857142857,904.0,January 2026,2026-01-28
2191,TE R / You X,0,1,0,6,1,19,26,4,15,-15,0.7307692307692307,0.2666666666666666,0.0,2419.5,169.0,2088.0,1708.0,788.0,2520.5,2389.5,1726.071428571429,2209.0,January 2026,2026-01-28
2195,"Taberner, Carlos",0,2,1,1,15,47,77,18,35,-51,0.6103896103896104,0.5142857142857142,1.0,2296.5,1997.5,2088.0,2500.0,2198.0,1787.0,25.0,1841.7142857142856,2362.0,January 2026,2026-01-28
2203,"Tabilo, Alejandro",3,44,15,35,9,219,299,75,148,-4,0.7324414715719063,0.5067567567567568,0.4285714285714285,350.0,1513.5,564.5,1127.0,760.0,1850.5,828.0,999.0714285714286,706.0,January 2026,2026-01-28
2210,"Tabur, Clement",0,2,5,13,4,37,55,13,33,-7,0.6727272727272727,0.3939393939393939,0.3846153846153846,2296.5,758.5,2088.0,1273.5,1652.0,2404.5,1154.0,1661.0,2112.0,January 2026,2026-01-28
2218,"Thompson, Jordan",1,22,8,17,2,97,137,60,97,7,0.708029197080292,0.6185567010309279,0.4705882352941176,900.0,345.5,1342.5,759.0,1140.0,417.5,588.0,784.6428571428571,280.0,January 2026,2026-01-28
2225,"Thompson, Kai",0,2,1,4,4,19,34,7,14,-24,0.5588235294117647,0.5,0.25,2296.5,758.5,2088.0,2145.5,2400.0,1928.0,1997.5,1944.857142857143,2461.0,January 2026,2026-01-28
2230,"Tiafoe, Frances",3,41,15,34,7,180,238,84,153,25,0.7563025210084033,0.5490196078431373,0.4411764705882353,393.5,1264.5,564.5,397.0,436.0,1343.5,756.5,736.5,219.0,January 2026,2026-01-28
2242,"Tien, Learner",5,63,29,55,37,309,425,135,214,62,0.7270588235294118,0.6308411214953271,0.5272727272727272,161.5,2512.5,205.0,119.5,847.5,307.0,299.0,636.0,91.0,January 2026,2026-01-28
2254,"Tirante, Thiago Agustin",2,44,10,23,9,119,159,58,108,3,0.7484276729559748,0.5370370370370371,0.4347826086956521,350.0,1513.5,870.0,864.0,528.0,1499.5,787.5,916.0714285714286,519.0,January 2026,2026-01-28
2264,"Tomic, Bernard",1,10,4,9,1,51,75,15,32,-5,0.68,0.46875,0.4444444444444444,1508.5,169.0,1342.5,1170.5,1553.5,2136.5,733.5,1230.571428571429,1194.0,January 2026,2026-01-28
2272,"Travaglia, Stefano",2,32,9,19,16,129,188,44,70,17,0.6861702127659575,0.6285714285714286,0.4736842105263157,584.5,2051.5,870.0,522.0,1476.0,326.5,579.0,915.6428571428572,518.0,January 2026,2026-01-28
2285,"Trungelliti, Marco",2,15,11,28,11,104,163,40,71,-6,0.6380368098159509,0.5633802816901409,0.3928571428571428,1205.5,1700.5,870.0,1222.0,2010.0,1143.0,1111.0,1323.142857142857,1384.0,January 2026,2026-01-28
2296,"Tseng, Chun Hsin",0,0,1,3,2,23,37,7,15,-18,0.6216216216216216,0.4666666666666667,0.3333333333333333,2511.0,345.5,2088.0,1870.0,2115.0,2147.5,1548.5,1803.642857142857,2314.0,January 2026,2026-01-28
2309,"Tsitsipas, Stefanos",4,71,15,51,20,273,342,97,162,51,0.7982456140350878,0.5987654320987654,0.2941176470588235,113.5,2232.0,352.0,173.0,117.0,627.5,1799.0,773.4285714285714,268.0,January 2026,2026-01-28
2316,"Tu, Li",0,1,1,3,4,17,40,4,11,-26,0.425,0.3636363636363636,0.3333333333333333,2419.5,758.5,2088.0,2209.5,2541.0,2447.0,1548.5,2001.7142857142856,2507.5,January 2026,2026-01-28
2322,Uchiyama Y / Hibino N,0,6,1,4,2,60,90,13,23,-28,0.6666666666666666,0.5652173913043478,0.25,1835.0,345.5,2088.0,2259.0,1731.5,1110.5,1997.5,1623.857142857143,2041.0,January 2026,2026-01-28
2335,"Ugo Carabelli, Camilo",0,7,4,6,9,80,127,34,72,-64,0.6299212598425197,0.4722222222222222,0.6666666666666666,1732.5,1513.5,2088.0,2535.0,2063.0,2118.0,103.5,1736.2142857142858,2227.0,January 2026,2026-01-28
2344,"Vacherot, Valentin",3,81,14,24,19,258,346,81,136,8,0.7456647398843931,0.5955882352941176,0.5833333333333334,73.0,2192.5,564.5,734.5,567.0,669.5,194.5,713.6428571428571,185.0,January 2026,2026-01-28
2353,"Vallejo, Adolfo Daniel",2,10,10,19,8,92,135,22,41,17,0.6814814814814815,0.5365853658536586,0.5263157894736842,1508.5,1400.0,870.0,522.0,1538.0,1508.5,300.5,1092.5,893.5,January 2026,2026-01-28
2357,"Van Assche, Luca",2,13,18,33,15,123,188,49,82,33,0.6542553191489362,0.5975609756097561,0.5454545454545454,1326.5,1997.5,870.0,306.0,1874.0,641.0,262.0,1039.571428571429,788.5,January 2026,2026-01-28
2369,"Van de Zandschulp, Botic",3,57,12,33,28,228,302,75,139,-8,0.7549668874172185,0.539568345323741,0.3636363636363636,209.5,2430.5,564.5,1319.5,454.0,1467.5,1306.0,1107.357142857143,930.5,January 2026,2026-01-28
2381,Vavassori A / Errani S,1,11,8,21,2,69,114,17,30,13,0.6052631578947368,0.5666666666666667,0.3809523809523809,1440.0,345.5,1342.5,620.0,2221.5,1092.0,1173.5,1176.428571428571,1072.0,January 2026,2026-01-28
2383,"Vavassori, Andrea",3,21,7,13,11,125,164,58,96,18,0.7621951219512195,0.6041666666666666,0.5384615384615384,945.0,1700.5,564.5,505.0,368.0,560.5,276.0,702.7857142857143,172.0,January 2026,2026-01-28
2390,"Virtanen, Otto",0,15,2,5,2,42,65,14,22,-3,0.6461538461538462,0.6363636363636364,0.4,1205.5,345.5,2088.0,1086.0,1951.0,273.5,1054.0,1143.357142857143,1014.0,January 2026,2026-01-28
2400,"Vukic, Aleksandar",4,38,14,31,10,209,304,116,206,-52,0.6875,0.5631067961165048,0.4516129032258064,444.0,1615.0,352.0,2503.5,1455.0,1147.5,689.5,1172.357142857143,1066.0,January 2026,2026-01-28
2413,"Walton, Adam",1,27,5,14,10,145,224,48,86,-50,0.6473214285714286,0.5581395348837209,0.3571428571428571,725.5,1615.0,1342.5,2497.0,1940.0,1220.5,1352.5,1527.571428571429,1834.0,January 2026,2026-01-28
2425,"Watanuki, Yosuke",0,13,3,13,7,47,67,17,33,-6,0.7014925373134329,0.5151515151515151,0.2307692307692307,1326.5,1264.5,2088.0,1222.0,1249.5,1778.0,2086.5,1573.571428571429,1928.0,January 2026,2026-01-28
2431,"Watt, James",0,4,0,3,3,33,51,7,14,-10,0.6470588235294118,0.5,0.0,2044.0,555.0,2088.0,1426.5,1945.0,1928.0,2389.5,1768.0,2261.0,January 2026,2026-01-28
2435,"Wawrinka, Stan",3,83,11,61,17,410,539,198,323,-1,0.7606679035250464,0.6130030959752322,0.180327868852459,69.5,2105.5,564.5,1001.5,387.0,469.0,2215.0,973.1428571428572,645.0,January 2026,2026-01-28
2442,"Winter, Edward",0,0,1,2,2,28,51,9,20,-22,0.5490196078431373,0.45,0.5,2511.0,345.5,2088.0,2065.0,2430.5,2251.0,428.0,1731.2857142857142,2225.0,January 2026,2026-01-28
2449,"Wong, Coleman",4,68,18,50,10,211,287,78,138,37,0.735191637630662,0.5652173913043478,0.36,127.5,1615.0,352.0,270.5,712.0,1110.5,1335.0,788.9285714285714,288.0,January 2026,2026-01-28
2457,"Wu, Yibing",5,38,26,55,12,270,383,114,220,30,0.7049608355091384,0.5181818181818182,0.4727272727272727,444.0,1787.0,205.0,337.5,1190.0,1745.5,582.0,898.7142857142857,480.0,January 2026,2026-01-28
2468,"Ymer, Elias",3,26,9,24,16,223,301,100,179,0,0.7408637873754153,0.5586592178770949,0.375,756.5,2051.5,564.5,963.0,640.5,1217.0,1219.5,1058.928571428571,827.0,January 2026,2026-01-28
2485,"Zeppieri, Giulio",2,23,5,12,11,113,160,36,59,-2,0.70625,0.6101694915254238,0.4166666666666667,856.5,1700.5,870.0,1044.5,1169.0,501.0,915.5,1008.1428571428572,723.0,January 2026,2026-01-28
2492,Zhang Z / Zhu L,1,3,4,6,0,29,58,11,19,-13,0.5,0.5789473684210527,0.6666666666666666,2166.0,47.5,1342.5,1593.0,2501.5,902.5,103.5,1236.642857142857,1206.0,January 2026,2026-01-28
2497,"Zhang, Zhizhen",1,22,3,13,3,124,171,47,88,-39,0.7251461988304093,0.5340909090909091,0.2307692307692307,900.0,555.0,1342.5,2429.0,876.0,1533.0,2086.5,1388.857142857143,1538.0,January 2026,2026-01-28
2502,"Zheng, Michael",4,30,21,46,1,248,358,74,147,7,0.6927374301675978,0.5034013605442177,0.4565217391304347,639.5,169.0,352.0,759.0,1365.0,1871.0,654.0,829.9285714285714,358.0,January 2026,2026-01-28
2503,"Zhou, Yi",1,14,5,9,1,67,92,23,37,18,0.7282608695652174,0.6216216216216216,0.5555555555555556,1263.0,169.0,1342.5,505.0,829.0,385.5,245.5,677.0714285714286,145.0,January 2026,2026-01-28
2508,"Zhu, Lin",0,0,5,11,2,39,78,10,29,-40,0.5,0.3448275862068966,0.4545454545454545,2511.0,345.5,2088.0,2439.5,2501.5,2474.0,672.0,1861.642857142857,2388.0,January 2026,2026-01-28
2517,Zielinski J / Kawa K,5,17,17,32,9,105,159,49,86,33,0.660377358490566,0.5697674418604651,0.53125,1103.0,1513.5,205.0,306.0,1802.0,1046.5,287.0,894.7142857142857,471.0,January 2026,2026-01-28
2520,Zverev A / Siegemund L,1,14,8,13,1,56,86,13,25,12,0.6511627906976745,0.52,0.6153846153846154,1263.0,169.0,1342.5,644.5,1904.5,1715.5,149.0,1026.857142857143,762.0,January 2026,2026-01-28
2525,"Zverev, Alexander",6,102,30,58,6,354,459,94,151,131,0.7712418300653595,0.6225165562913907,0.5172413793103449,34.5,1108.0,119.5,19.5,285.5,373.0,316.5,322.35714285714283,1.0,January 2026,2026-01-28
2534,de Minaur A / Hunter S,1,0,4,6,3,29,41,3,6,11,0.7073170731707317,0.5,0.6666666666666666,2511.0,555.0,1342.5,670.0,1156.0,1928.0,103.5,1180.857142857143,1086.5,January 2026,2026-01-28
2539,"de Minaur, Alex",6,47,32,77,24,292,393,146,243,94,0.7430025445292621,0.6008230452674898,0.4155844155844156,311.0,2348.0,119.5,55.0,604.0,587.0,926.0,707.2142857142857,179.0,January 2026,2026-01-28
