,player_name,total_wins,aces,breakpoints_won,total_breakpoints,double_faults,first_serve_points_won,first_serve_successful,second_serve_points_won,second_serve_successful,points_spread,FS Win %,SS Win %,BP Conv %,Ace Rank,DF Rank,Total Win Rank,Point Spread Rank,FS Win Rank,SS Win Rank,BP Rank,Mean Ranks,Mean Ranks Ranked,Month,last_refreshed
20,"Added, Dan",0,4.0,0.0,0.0,2.0,25.0,38.0,10.0,23.0,-17.0,0.6578947368421053,0.4347826086956521,,8947.0,1985.5,9555.5,10918.0,7969.0,10078.5,,8242.25,11228.0,January 2026,2026-01-30
182,"Alcaraz, Carlos",6,42.0,30.0,72.0,13.0,314.0,424.0,125.0,194.0,123.0,0.7405660377358491,0.6443298969072165,0.4166666666666667,1679.0,8561.0,653.0,24.5,3096.0,923.0,4064.5,2714.428571428572,94.0,January 2026,2026-01-30
731,"Altmaier, Daniel",0,18.0,2.0,3.0,11.0,70.0,118.0,25.0,63.0,-84.0,0.5932203389830508,0.3968253968253968,0.6666666666666666,4609.5,7818.5,9555.5,11640.0,10037.5,10500.5,479.0,7805.785714285715,10784.0,January 2026,2026-01-30
832,Andreozzi G / Carle M L,1,5.0,7.0,22.0,5.0,58.0,107.0,27.0,47.0,-19.0,0.5420560747663551,0.574468085106383,0.3181818181818182,8483.5,4484.5,6056.0,11015.5,10633.0,3986.5,7419.0,7439.714285714285,10267.0,January 2026,2026-01-30
966,Argentina,1,0.0,0.0,0.0,0.0,0.0,0.0,0.0,0.0,0.0,,,,11184.0,462.5,6056.0,5510.5,,,,5803.25,6220.5,January 2026,2026-01-30
984,"Arnaldi, Matteo",1,14.0,5.0,19.0,9.0,81.0,118.0,36.0,70.0,-12.0,0.6864406779661016,0.5142857142857142,0.2631578947368421,5489.5,6924.0,6056.0,10628.5,6460.0,7729.5,8552.5,7405.714285714285,10201.0,January 2026,2026-01-30
1106,"Atmane, Terence",1,38.0,4.0,13.0,11.0,148.0,196.0,76.0,132.0,-39.0,0.7551020408163265,0.5757575757575758,0.3076923076923077,1972.5,7818.5,6056.0,11524.0,2310.0,3904.0,7658.0,5891.857142857143,6574.0,January 2026,2026-01-30
1127,Auger-Aliassime F / Mboko V,1,3.0,4.0,5.0,2.0,22.0,29.0,10.0,14.0,15.0,0.7586206896551724,0.7142857142857143,0.8,9455.5,1985.5,6056.0,568.0,2122.5,193.0,257.5,2948.285714285714,195.0,January 2026,2026-01-30
1132,"Auger-Aliassime, Felix",1,22.0,5.0,12.0,6.0,93.0,125.0,35.0,65.0,-11.0,0.744,0.5384615384615384,0.4166666666666667,3894.0,5199.5,6056.0,10571.5,2888.5,6310.0,4064.5,5569.142857142857,5487.0,January 2026,2026-01-30
1146,Australia,2,0.0,0.0,0.0,0.0,0.0,0.0,0.0,0.0,0.0,,,,11184.0,462.5,3822.0,5510.5,,,,5244.75,4626.0,January 2026,2026-01-30
1164,"Baez, Sebastian",8,32.0,38.0,81.0,17.0,428.0,666.0,116.0,185.0,60.0,0.6426426426426426,0.6270270270270271,0.4691358024691358,2534.0,9643.5,232.5,129.5,8629.0,1412.0,2557.0,3591.0714285714284,803.0,January 2026,2026-01-30
1175,"Bailly, Gilles Arnaud",2,8.0,7.0,13.0,6.0,140.0,208.0,44.0,82.0,-1.0,0.6730769230769231,0.5365853658536586,0.5384615384615384,7234.5,5199.5,3822.0,10096.5,7222.5,6436.5,1180.5,5884.571428571428,6551.0,January 2026,2026-01-30
1178,"Barrena, Alex",0,1.0,1.0,1.0,4.0,47.0,72.0,10.0,21.0,-16.0,0.6527777777777778,0.4761904761904761,1.0,10491.0,3697.5,9555.5,10862.5,8194.0,9162.5,108.5,7438.785714285715,10263.0,January 2026,2026-01-30
1184,"Barrios Vera, Marcelo Tomas",1,5.0,7.0,15.0,3.0,93.0,150.0,16.0,27.0,-1.0,0.62,0.5925925925925926,0.4666666666666667,8483.5,2860.0,6056.0,10096.5,9388.5,2889.0,2613.0,6055.214285714285,6944.0,January 2026,2026-01-30
1193,"Basavareddy, Nishesh",5,65.0,13.0,40.0,33.0,279.0,372.0,154.0,256.0,-5.0,0.75,0.6015625,0.325,716.5,11286.0,1055.5,10265.5,2550.5,2412.5,7303.0,5084.214285714285,4185.0,January 2026,2026-01-30
1203,"Basilashvili, Nikoloz",0,11.0,2.0,4.0,11.0,22.0,42.0,15.0,28.0,-35.0,0.5238095238095238,0.5357142857142857,0.5,6283.5,7818.5,9555.5,11471.0,10736.0,6487.0,1824.5,7739.428571428572,10697.0,January 2026,2026-01-30
1216,"Bautista Agut, Roberto",0,13.0,2.0,11.0,3.0,81.0,124.0,30.0,51.0,-30.0,0.6532258064516129,0.5882352941176471,0.1818181818181818,5745.0,2860.0,9555.5,11397.5,8174.0,3130.5,9639.5,7214.571428571428,9838.0,January 2026,2026-01-30
1222,"Becroft, Isaac",0,2.0,1.0,4.0,2.0,18.0,31.0,11.0,24.0,-18.0,0.5806451612903226,0.4583333333333333,0.25,9990.5,1985.5,9555.5,10965.0,10235.0,9645.5,8825.5,8743.214285714286,11501.0,January 2026,2026-01-30
1228,Belgium,2,0.0,0.0,0.0,0.0,0.0,0.0,0.0,0.0,0.0,,,,11184.0,462.5,3822.0,5510.5,,,,5244.75,4626.0,January 2026,2026-01-30
1233,"Bellucci, Mattia",1,34.0,5.0,15.0,10.0,134.0,176.0,40.0,81.0,-28.0,0.7613636363636364,0.4938271604938271,0.3333333333333333,2322.5,7402.5,6056.0,11354.0,2007.5,8660.0,6929.0,6390.214285714285,7741.0,January 2026,2026-01-30
1264,"Bencic, Belinda",5,6.0,25.0,49.0,11.0,169.0,234.0,46.0,85.0,96.0,0.7222222222222222,0.5411764705882353,0.5102040816326531,8027.0,7818.5,1055.5,51.0,4224.0,6139.0,1433.5,4106.928571428572,1700.0,January 2026,2026-01-30
1356,Bergs Z / Mertens E,1,10.0,11.0,21.0,9.0,84.0,120.0,28.0,55.0,19.0,0.7,0.509090909090909,0.5238095238095238,6587.5,6924.0,6056.0,489.0,5604.0,7966.0,1329.5,4993.714285714285,3927.0,January 2026,2026-01-30
1361,"Bergs, Zizou",3,51.0,9.0,29.0,17.0,228.0,313.0,117.0,172.0,28.0,0.7284345047923323,0.6802325581395349,0.3103448275862069,1187.0,9643.5,2508.0,359.0,3863.0,399.0,7588.5,3649.714285714286,897.0,January 2026,2026-01-30
1412,"Bernet, Henry",0,13.0,4.0,6.0,3.0,40.0,56.0,12.0,29.0,-11.0,0.7142857142857143,0.4137931034482758,0.6666666666666666,5745.0,2860.0,9555.5,10571.5,4701.5,10329.0,479.0,6320.214285714285,7590.0,January 2026,2026-01-30
1452,"Blancaneaux, Geoffrey",0,3.0,0.0,2.0,4.0,30.0,43.0,11.0,23.0,-19.0,0.6976744186046512,0.4782608695652174,0.0,9455.5,3697.5,9555.5,11015.5,5763.0,9091.0,10389.5,8423.92857142857,11363.5,January 2026,2026-01-30
1460,"Blanchet, Ugo",0,2.0,0.0,0.0,3.0,41.0,57.0,15.0,34.0,-19.0,0.7192982456140351,0.4411764705882353,,9990.5,2860.0,9555.5,11015.5,4392.0,9964.5,,7963.0,10974.0,January 2026,2026-01-30
1477,"Blockx, Alexander",2,22.0,10.0,28.0,4.0,123.0,152.0,53.0,86.0,46.0,0.8092105263157895,0.6162790697674418,0.3571428571428571,3894.0,3697.5,3822.0,204.0,513.0,1807.0,6128.0,2866.5,159.0,January 2026,2026-01-30
1486,"Bolt, Alex",0,14.0,0.0,5.0,2.0,51.0,75.0,13.0,20.0,-8.0,0.68,0.65,0.0,5489.5,1985.5,9555.5,10414.5,6813.0,806.5,10389.5,6493.428571428572,7998.0,January 2026,2026-01-30
1495,"Bonzi, Benjamin",0,19.0,4.0,21.0,16.0,128.0,191.0,59.0,99.0,-47.0,0.6701570680628273,0.5959595959595959,0.1904761904761904,4421.0,9406.0,9555.5,11583.0,7381.0,2701.0,9589.0,7805.214285714285,10783.0,January 2026,2026-01-30
1517,"Borges, Nuno",5,48.0,21.0,35.0,11.0,351.0,484.0,94.0,179.0,7.0,0.7252066115702479,0.5251396648044693,0.6,1325.0,7818.5,1055.5,759.0,4071.0,7125.0,737.0,3270.1428571428573,424.0,January 2026,2026-01-30
1636,"Bouquier, Arthur",0,2.0,0.0,2.0,2.0,20.0,37.0,5.0,12.0,-27.0,0.5405405405405406,0.4166666666666667,0.0,9990.5,1985.5,9555.5,11328.5,10648.5,10299.5,10389.5,9171.07142857143,11607.0,January 2026,2026-01-30
1640,"Bouzas Maneiro, Jessica",1,5.0,13.0,19.0,19.0,62.0,107.0,36.0,61.0,1.0,0.5794392523364486,0.5901639344262295,0.6842105263157895,8483.5,10042.0,6056.0,925.5,10249.0,3041.0,383.0,5597.142857142857,5566.0,January 2026,2026-01-30
1641,"Bouzige, Moerani",0,5.0,1.0,1.0,0.0,29.0,38.0,12.0,21.0,-11.0,0.7631578947368421,0.5714285714285714,1.0,8483.5,462.5,9555.5,10571.5,1911.5,4182.5,108.5,5039.357142857143,4044.0,January 2026,2026-01-30
1647,"Boyer, Tristan",2,14.0,12.0,29.0,5.0,121.0,183.0,37.0,74.0,11.0,0.6612021857923497,0.5,0.4137931034482758,5489.5,4484.5,3822.0,670.0,7803.0,8387.0,4169.5,4975.071428571428,3867.0,January 2026,2026-01-30
1728,"Brooksby, Jenson",1,6.0,6.0,30.0,9.0,88.0,144.0,36.0,63.0,-24.0,0.6111111111111112,0.5714285714285714,0.2,8027.0,6924.0,6056.0,11240.5,9649.0,4182.5,9476.5,7936.5,10949.0,January 2026,2026-01-30
1753,"Bu, Yunchaokete",0,11.0,0.0,4.0,3.0,64.0,95.0,35.0,58.0,-43.0,0.6736842105263158,0.603448275862069,0.0,6283.5,2860.0,9555.5,11556.0,7191.0,2345.0,10389.5,7168.642857142857,9746.0,January 2026,2026-01-30
1765,"Bublik, Alexander",7,98.0,21.0,46.0,28.0,336.0,436.0,100.0,165.0,67.0,0.7706422018348624,0.6060606060606061,0.4565217391304347,236.0,11049.5,393.5,100.5,1608.0,2208.5,2823.0,2631.285714285714,76.0,January 2026,2026-01-30
1775,"Budkov Kjaer, Nicolai",3,26.0,10.0,25.0,8.0,180.0,257.0,52.0,88.0,-1.0,0.7003891050583657,0.5909090909090909,0.4,3285.5,6395.0,2508.0,10096.5,5573.0,2992.5,4676.0,5075.214285714285,4155.5,January 2026,2026-01-30
1781,"Bueno, Gonzalo",1,2.0,3.0,3.0,8.0,57.0,96.0,26.0,36.0,0.0,0.59375,0.7222222222222222,1.0,9990.5,6395.0,6056.0,5510.5,10025.0,155.5,108.5,5463.0,5225.0,January 2026,2026-01-30
1787,"Burruchaga, Roman Andres",1,4.0,6.0,14.0,4.0,45.0,72.0,13.0,25.0,8.0,0.625,0.52,0.4285714285714285,8947.0,3697.5,6056.0,734.5,9244.0,7420.5,3667.0,5680.928571428572,5777.0,January 2026,2026-01-30
1864,Canada,1,0.0,0.0,0.0,0.0,0.0,0.0,0.0,0.0,0.0,,,,11184.0,462.5,6056.0,5510.5,,,,5803.25,6220.5,January 2026,2026-01-30
1869,"Carballes Baena, Roberto",1,8.0,5.0,26.0,3.0,75.0,99.0,28.0,45.0,23.0,0.7575757575757576,0.6222222222222222,0.1923076923076923,7234.5,2860.0,6056.0,423.0,2169.5,1586.0,9580.5,4272.785714285715,2096.5,January 2026,2026-01-30
1935,"Carreno Busta, Pablo",2,19.0,12.0,31.0,10.0,192.0,278.0,67.0,128.0,-16.0,0.6906474820143885,0.5234375,0.3870967741935484,4421.0,7402.5,3822.0,10862.5,6209.0,7234.5,5144.0,6442.214285714285,7880.0,January 2026,2026-01-30
1997,"Cassone, Murphy",1,11.0,4.0,9.0,2.0,65.0,97.0,28.0,49.0,-6.0,0.6701030927835051,0.5714285714285714,0.4444444444444444,6283.5,1985.5,6056.0,10317.0,7385.0,4182.5,3164.0,5624.785714285715,5641.0,January 2026,2026-01-30
2006,"Cazaux, Arthur",1,12.0,3.0,8.0,1.0,40.0,51.0,12.0,20.0,20.0,0.7843137254901961,0.6,0.375,6001.5,1237.5,6056.0,473.5,1100.0,2509.0,5539.5,3273.8571428571427,428.0,January 2026,2026-01-30
2014,"Cecchinato, Marco",0,3.0,0.0,0.0,3.0,26.0,40.0,12.0,22.0,-26.0,0.65,0.5454545454545454,,9455.5,2860.0,9555.5,11304.5,8320.0,5879.0,,7895.75,10900.0,January 2026,2026-01-30
2047,"Cerundolo, Francisco",3,27.0,18.0,37.0,8.0,206.0,278.0,97.0,158.0,50.0,0.7410071942446043,0.6139240506329114,0.4864864864864865,3144.0,6395.0,2508.0,178.5,3064.5,1887.5,2254.0,2775.928571428572,122.0,January 2026,2026-01-30
2058,"Cerundolo, Juan Manuel",1,16.0,6.0,26.0,13.0,99.0,146.0,78.0,135.0,-34.0,0.678082191780822,0.5777777777777777,0.2307692307692307,5024.0,8561.0,6056.0,11459.5,6931.0,3793.0,9137.5,7280.285714285715,9979.0,January 2026,2026-01-30
2065,Cervantes I / Cavalle-Reimers Y,0,3.0,2.0,5.0,2.0,25.0,42.0,11.0,22.0,-20.0,0.5952380952380952,0.5,0.4,9455.5,1985.5,9555.5,11067.0,9996.0,8387.0,4676.0,7874.642857142857,10873.0,January 2026,2026-01-30
2079,China,1,0.0,0.0,0.0,0.0,0.0,0.0,0.0,0.0,0.0,,,,11184.0,462.5,6056.0,5510.5,,,,5803.25,6220.5,January 2026,2026-01-30
2083,"Choinski, Jan",0,5.0,0.0,4.0,1.0,26.0,31.0,6.0,17.0,-9.0,0.8387096774193549,0.3529411764705882,0.0,8483.5,1237.5,9555.5,10468.0,179.0,10739.0,10389.5,7293.142857142857,9996.0,January 2026,2026-01-30
2185,"Cilic, Marin",3,61.0,18.0,42.0,22.0,177.0,220.0,91.0,151.0,65.0,0.8045454545454546,0.6026490066225165,0.4285714285714285,828.5,10498.5,2508.0,106.5,598.0,2378.0,3667.0,2940.6428571428573,190.0,January 2026,2026-01-30
2192,"Cina, Federico",1,9.0,4.0,13.0,4.0,93.0,132.0,27.0,52.0,-12.0,0.7045454545454546,0.5192307692307693,0.3076923076923077,6905.5,3697.5,6056.0,10628.5,5304.5,7475.5,7658.0,6817.928571428572,9040.0,January 2026,2026-01-30
2197,"Clarke, Jay",0,1.0,0.0,2.0,0.0,41.0,73.0,1.0,2.0,-10.0,0.5616438356164384,0.5,0.0,10491.0,462.5,9555.5,10521.5,10456.5,8387.0,10389.5,8609.07142857143,11453.0,January 2026,2026-01-30
2207,"Cobolli, Flavio",1,20.0,8.0,21.0,14.0,113.0,164.0,78.0,129.0,-31.0,0.6890243902439024,0.6046511627906976,0.3809523809523809,4238.0,8866.5,6056.0,11414.5,6302.0,2277.0,5334.0,6355.428571428572,7670.0,January 2026,2026-01-30
2234,"Collignon, Raphael",4,50.0,15.0,62.0,20.0,228.0,298.0,95.0,158.0,21.0,0.7651006711409396,0.6012658227848101,0.2419354838709677,1238.5,10216.5,1659.0,456.0,1819.0,2430.0,9023.0,3834.571428571429,1175.0,January 2026,2026-01-30
2244,"Comesana, Francisco",2,53.0,7.0,25.0,14.0,198.0,263.0,68.0,114.0,-5.0,0.752851711026616,0.5964912280701754,0.28,1102.0,8866.5,3822.0,10265.5,2406.5,2678.0,8294.5,5347.857142857143,4935.0,January 2026,2026-01-30
2276,"Coppejans, Kimmer",2,23.0,9.0,22.0,3.0,100.0,145.0,35.0,62.0,14.0,0.6896551724137931,0.5645161290322581,0.4090909090909091,3726.5,2860.0,3822.0,593.5,6267.0,4652.5,4311.5,3747.571428571429,1033.0,January 2026,2026-01-30
2332,"Crawford, Oliver",0,3.0,4.0,8.0,2.0,29.0,51.0,15.0,24.0,-5.0,0.5686274509803921,0.625,0.5,9455.5,1985.5,9555.5,10265.5,10386.0,1485.5,1824.5,6422.571428571428,7823.0,January 2026,2026-01-30
2385,Czechia,1,0.0,0.0,0.0,0.0,0.0,0.0,0.0,0.0,0.0,,,,11184.0,462.5,6056.0,5510.5,,,,5803.25,6220.5,January 2026,2026-01-30
2424,"Damm Jr, Martin",3,57.0,8.0,20.0,20.0,155.0,196.0,40.0,73.0,8.0,0.7908163265306123,0.547945205479452,0.4,956.0,10216.5,2508.0,734.5,924.0,5730.0,4676.0,3677.857142857143,929.0,January 2026,2026-01-30
2665,"Darderi, Luciano",4,74.0,20.0,55.0,16.0,258.0,347.0,128.0,231.0,9.0,0.7435158501440923,0.5541125541125541,0.3636363636363636,532.5,9406.0,1659.0,713.0,2921.0,5342.0,5920.0,3784.785714285714,1097.0,January 2026,2026-01-30
2748,"Davidovich Fokina, Alejandro",4,39.0,18.0,42.0,14.0,293.0,406.0,95.0,160.0,23.0,0.7216748768472906,0.59375,0.4285714285714285,1897.0,8866.5,1659.0,423.0,4247.0,2823.5,3667.0,3369.0,521.0,January 2026,2026-01-30
2762,"De Jong, Jesper",0,14.0,6.0,13.0,9.0,100.0,147.0,55.0,111.0,-42.0,0.6802721088435374,0.4954954954954955,0.4615384615384615,5489.5,6924.0,9555.5,11549.5,6797.5,8626.5,2716.5,7379.857142857143,10138.5,January 2026,2026-01-30
2770,"Delaney, Jake",0,13.0,2.0,10.0,6.0,43.0,60.0,17.0,32.0,-12.0,0.7166666666666667,0.53125,0.2,5745.0,5199.5,9555.5,10628.5,4541.5,6749.0,9476.5,7413.642857142857,10213.0,January 2026,2026-01-30
2776,"Dellien, Hugo",0,1.0,0.0,3.0,1.0,25.0,46.0,8.0,13.0,-18.0,0.5434782608695652,0.6153846153846154,0.0,10491.0,1237.5,9555.5,10965.0,10621.5,1832.5,10389.5,7870.357142857143,10869.0,January 2026,2026-01-30
2788,"Den Ouden, Guy",0,1.0,1.0,4.0,2.0,29.0,38.0,14.0,26.0,-12.0,0.7631578947368421,0.5384615384615384,0.25,10491.0,1985.5,9555.5,10628.5,1911.5,6310.0,8825.5,7101.071428571428,9624.0,January 2026,2026-01-30
2929,"Diallo, Gabriel",1,33.0,7.0,19.0,13.0,178.0,247.0,54.0,99.0,-25.0,0.7206477732793523,0.5454545454545454,0.3684210526315789,2427.5,8561.0,6056.0,11275.5,4317.0,5879.0,5767.0,6326.142857142857,7607.0,January 2026,2026-01-30
2938,"Diaz Acosta, Facundo",0,3.0,4.0,7.0,5.0,65.0,100.0,19.0,38.0,-16.0,0.65,0.5,0.5714285714285714,9455.5,4484.5,9555.5,10862.5,8320.0,8387.0,905.0,7424.285714285715,10230.5,January 2026,2026-01-30
3015,"Dimitrov, Grigor",1,29.0,3.0,11.0,7.0,104.0,141.0,38.0,77.0,-22.0,0.7375886524822695,0.4935064935064935,0.2727272727272727,2897.0,5829.5,6056.0,11160.0,3281.5,8664.0,8406.0,6613.428571428572,8283.0,January 2026,2026-01-30
3030,"Djere, Laslo",2,20.0,7.0,22.0,13.0,158.0,219.0,65.0,119.0,-24.0,0.7214611872146118,0.5462184873949579,0.3181818181818182,4238.0,8561.0,3822.0,11240.5,4263.0,5820.0,7419.0,6480.5,7966.5,January 2026,2026-01-30
3041,"Djokovic, Novak",6,45.0,21.0,52.0,14.0,247.0,324.0,76.0,137.0,81.0,0.7623456790123457,0.5547445255474452,0.4038461538461538,1491.0,8866.5,653.0,72.5,1952.5,5314.5,4437.0,3255.285714285714,411.0,January 2026,2026-01-30
3053,"Dodig, Matej",0,2.0,2.0,11.0,2.0,40.0,62.0,12.0,28.0,-13.0,0.6451612903225806,0.4285714285714285,0.1818181818181818,9990.5,1985.5,9555.5,10688.0,8523.0,10156.0,9639.5,8648.285714285714,11471.0,January 2026,2026-01-30
3175,"Draxl, Liam",3,31.0,13.0,27.0,12.0,150.0,226.0,74.0,136.0,-15.0,0.6637168141592921,0.5441176470588235,0.4814814814814814,2643.5,8210.0,2508.0,10803.0,7701.0,5948.0,2325.0,5734.071428571428,5905.0,January 2026,2026-01-30
3184,"Droguet, Titouan",1,15.0,4.0,6.0,0.0,51.0,64.0,17.0,33.0,11.0,0.796875,0.5151515151515151,0.6666666666666666,5248.0,462.5,6056.0,670.0,767.0,7695.0,479.0,3053.928571428572,261.0,January 2026,2026-01-30
3196,"Duckworth, James",3,54.0,10.0,39.0,18.0,231.0,301.0,109.0,191.0,-20.0,0.7674418604651163,0.5706806282722513,0.2564102564102564,1059.0,9851.0,2508.0,11067.0,1724.0,4253.5,8633.5,5585.142857142857,5530.0,January 2026,2026-01-30
3213,Durasovic V / Eikeri U,0,3.0,1.0,12.0,3.0,56.0,89.0,10.0,21.0,-24.0,0.6292134831460674,0.4761904761904761,0.0833333333333333,9455.5,2860.0,9555.5,11240.5,9129.5,9162.5,10055.0,8779.785714285714,11520.0,January 2026,2026-01-30
3215,"Durasovic, Viktor",0,1.0,2.0,2.0,0.0,23.0,40.0,13.0,24.0,-16.0,0.575,0.5416666666666666,1.0,10491.0,462.5,9555.5,10862.5,10318.0,6101.5,108.5,6842.785714285715,9089.0,January 2026,2026-01-30
3282,"Dzumhur, Damir",1,11.0,15.0,29.0,11.0,132.0,206.0,60.0,120.0,-19.0,0.6407766990291263,0.5,0.5172413793103449,6283.5,7818.5,6056.0,11015.5,8710.5,8387.0,1386.0,7093.857142857143,9614.5,January 2026,2026-01-30
3290,"Echargui, Moez",0,3.0,1.0,2.0,1.0,24.0,35.0,12.0,24.0,-13.0,0.6857142857142857,0.5,0.5,9455.5,1237.5,9555.5,10688.0,6515.0,8387.0,1824.5,6809.0,9018.0,January 2026,2026-01-30
3379,"Ellis, Blake",0,9.0,1.0,5.0,1.0,42.0,68.0,8.0,18.0,-13.0,0.6176470588235294,0.4444444444444444,0.2,6905.5,1237.5,9555.5,10688.0,9464.0,9912.5,9476.5,8177.071428571428,11169.0,January 2026,2026-01-30
3462,"Engel, Justin",0,10.0,0.0,3.0,4.0,49.0,63.0,12.0,26.0,-11.0,0.7777777777777778,0.4615384615384615,0.0,6587.5,3697.5,9555.5,10571.5,1333.0,9567.0,10389.5,7385.928571428572,10160.0,January 2026,2026-01-30
3516,"Etcheverry, Tomas Martin",3,65.0,15.0,49.0,9.0,283.0,372.0,128.0,194.0,40.0,0.760752688172043,0.6597938144329897,0.3061224489795918,716.5,6924.0,2508.0,251.0,2030.0,632.0,7701.5,2966.1428571428573,208.0,January 2026,2026-01-30
3541,"Evans, Daniel",0,1.0,0.0,0.0,4.0,13.0,25.0,11.0,23.0,-24.0,0.52,0.4782608695652174,,10491.0,3697.5,9555.5,11240.5,10759.0,9091.0,,9139.083333333334,11603.0,January 2026,2026-01-30
3675,"Faria, Jaime",4,31.0,16.0,43.0,15.0,193.0,263.0,85.0,134.0,32.0,0.7338403041825095,0.6343283582089553,0.3720930232558139,2643.5,9144.0,1659.0,314.5,3499.0,1184.5,5657.5,3443.1428571428573,606.0,January 2026,2026-01-30
3682,"Fatic, Nerman",0,7.0,1.0,1.0,2.0,18.0,31.0,2.0,10.0,-18.0,0.5806451612903226,0.2,1.0,7596.0,1985.5,9555.5,10965.0,10235.0,11002.0,108.5,7349.642857142857,10095.0,January 2026,2026-01-30
3686,"Fearnley, Jacob",1,42.0,14.0,36.0,38.0,196.0,294.0,74.0,118.0,-47.0,0.6666666666666666,0.6271186440677966,0.3888888888888889,1679.0,11432.0,6056.0,11583.0,7544.5,1406.5,5086.5,6398.214285714285,7756.0,January 2026,2026-01-30
3908,"Fery, Arthur",4,22.0,19.0,48.0,2.0,161.0,231.0,62.0,105.0,64.0,0.696969696969697,0.5904761904761905,0.3958333333333333,3894.0,1985.5,1659.0,111.5,5807.5,3025.5,4906.0,3055.5714285714284,262.0,January 2026,2026-01-30
3915,"Ficovich, Juan Pablo",0,3.0,3.0,8.0,5.0,28.0,42.0,9.0,25.0,-9.0,0.6666666666666666,0.36,0.375,9455.5,4484.5,9555.5,10468.0,7544.5,10709.5,5539.5,8251.0,11237.0,January 2026,2026-01-30
4014,"Fonseca, Joao",0,10.0,2.0,9.0,5.0,42.0,63.0,19.0,34.0,-22.0,0.6666666666666666,0.5588235294117647,0.2222222222222222,6587.5,4484.5,9555.5,11160.0,7544.5,5045.0,9243.0,7660.0,10575.0,January 2026,2026-01-30
4020,France,0,0.0,0.0,0.0,0.0,0.0,0.0,0.0,0.0,0.0,,,,11184.0,462.5,9555.5,5510.5,,,,6678.125,8560.5,January 2026,2026-01-30
4146,"Fritz, Taylor",4,136.0,15.0,54.0,15.0,385.0,490.0,133.0,239.0,7.0,0.7857142857142857,0.5564853556485355,0.2777777777777778,69.0,9144.0,1659.0,759.0,1058.0,5190.0,8325.5,3743.5,1024.0,January 2026,2026-01-30
4158,"Fucsovics, Marton",2,19.0,14.0,25.0,15.0,166.0,252.0,83.0,147.0,-8.0,0.6587301587301587,0.564625850340136,0.56,4421.0,9144.0,3822.0,10414.5,7932.0,4645.5,987.0,5909.428571428572,6624.0,January 2026,2026-01-30
4229,"Galan, Daniel Elahi",0,3.0,1.0,1.0,1.0,26.0,43.0,10.0,18.0,-6.0,0.6046511627906976,0.5555555555555556,1.0,9455.5,1237.5,9555.5,10317.0,9813.0,5257.5,108.5,6534.928571428572,8095.0,January 2026,2026-01-30
4235,"Galarneau, Alexis",0,3.0,1.0,1.0,2.0,19.0,32.0,12.0,23.0,-15.0,0.59375,0.5217391304347826,1.0,9455.5,1985.5,9555.5,10803.0,10025.0,7315.5,108.5,7035.5,9481.0,January 2026,2026-01-30
4246,"Garin, Cristian",0,28.0,5.0,16.0,12.0,103.0,152.0,61.0,106.0,-45.0,0.6776315789473685,0.5754716981132075,0.3125,3014.0,8210.0,9555.5,11571.0,6957.0,3921.5,7543.0,7253.142857142857,9924.0,January 2026,2026-01-30
4261,"Gaston, Hugo",2,17.0,13.0,35.0,11.0,144.0,206.0,50.0,117.0,-13.0,0.6990291262135923,0.4273504273504273,0.3714285714285714,4808.5,7818.5,3822.0,10688.0,5677.0,10184.0,5674.5,6953.214285714285,9313.0,January 2026,2026-01-30
4268,"Gaubas, Vilius",1,6.0,3.0,13.0,3.0,77.0,112.0,20.0,41.0,-9.0,0.6875,0.4878048780487805,0.2307692307692307,8027.0,2860.0,6056.0,10468.0,6398.0,8805.0,9137.5,7393.071428571428,10183.5,January 2026,2026-01-30
4273,"Gauff, Coco",3,5.0,18.0,35.0,28.0,106.0,155.0,31.0,55.0,29.0,0.6838709677419355,0.5636363636363636,0.5142857142857142,8483.5,11049.5,2508.0,346.5,6611.0,4700.0,1409.0,5015.357142857143,3983.0,January 2026,2026-01-30
4275,"Gea, Arthur",4,32.0,20.0,50.0,19.0,222.0,315.0,74.0,115.0,55.0,0.7047619047619048,0.6434782608695652,0.4,2534.0,10042.0,1659.0,150.0,5288.5,941.0,4676.0,3612.928571428572,834.0,January 2026,2026-01-30
4296,Germany,1,0.0,0.0,0.0,0.0,0.0,0.0,0.0,0.0,0.0,,,,11184.0,462.5,6056.0,5510.5,,,,5803.25,6220.5,January 2026,2026-01-30
4335,Gille S / Minnen G,0,3.0,2.0,10.0,0.0,29.0,43.0,17.0,29.0,-12.0,0.6744186046511628,0.5862068965517241,0.2,9455.5,462.5,9555.5,10628.5,7147.5,3279.0,9476.5,7143.571428571428,9701.0,January 2026,2026-01-30
4384,"Giron, Marcos",6,42.0,33.0,72.0,16.0,312.0,454.0,109.0,215.0,31.0,0.6872246696035242,0.5069767441860465,0.4583333333333333,1679.0,9406.0,653.0,327.0,6422.0,8057.0,2786.0,4190.0,1905.5,January 2026,2026-01-30
4402,"Giustino, Lorenzo",0,2.0,1.0,1.0,1.0,35.0,57.0,1.0,3.0,-21.0,0.6140350877192983,0.3333333333333333,1.0,9990.5,1237.5,9555.5,11115.0,9567.0,10812.0,108.5,7483.714285714285,10346.0,January 2026,2026-01-30
4404,"Glinka, Daniil",1,13.0,7.0,20.0,4.0,52.0,86.0,25.0,52.0,-18.0,0.6046511627906976,0.4807692307692308,0.35,5745.0,3697.5,6056.0,10965.0,9813.0,9014.0,6348.0,7376.928571428572,10131.0,January 2026,2026-01-30
4443,Great Britain,1,0.0,0.0,0.0,0.0,0.0,0.0,0.0,0.0,0.0,,,,11184.0,462.5,6056.0,5510.5,,,,5803.25,6220.5,January 2026,2026-01-30
4444,Greece,2,0.0,0.0,0.0,0.0,0.0,0.0,0.0,0.0,0.0,,,,11184.0,462.5,3822.0,5510.5,,,,5244.75,4626.0,January 2026,2026-01-30
4482,"Grenier, Hugo",1,9.0,3.0,17.0,3.0,46.0,63.0,17.0,34.0,-9.0,0.7301587301587301,0.5,0.1764705882352941,6905.5,2860.0,6056.0,10468.0,3750.0,8387.0,9675.5,6871.714285714285,9150.5,January 2026,2026-01-30
4485,Griekspoor T / Schuurs D,0,4.0,1.0,3.0,1.0,20.0,35.0,4.0,9.0,-22.0,0.5714285714285714,0.4444444444444444,0.3333333333333333,8947.0,1237.5,9555.5,11160.0,10355.5,9912.5,6929.0,8299.57142857143,11279.0,January 2026,2026-01-30
4490,"Griekspoor, Tallon",0,15.0,3.0,9.0,15.0,96.0,162.0,33.0,63.0,-102.0,0.5925925925925926,0.5238095238095238,0.3333333333333333,5248.0,9144.0,9555.5,11642.0,10051.0,7204.0,6929.0,8539.07142857143,11418.0,January 2026,2026-01-30
4551,"Gueymard Wayenburg, Sascha",0,6.0,2.0,6.0,4.0,27.0,44.0,11.0,18.0,-13.0,0.6136363636363636,0.6111111111111112,0.3333333333333333,8027.0,3697.5,9555.5,10688.0,9580.5,1995.0,6929.0,7210.357142857143,9830.0,January 2026,2026-01-30
4595,"Guillen Meza, Alvaro",0,1.0,0.0,4.0,0.0,29.0,37.0,8.0,16.0,-7.0,0.7837837837837838,0.5,0.0,10491.0,462.5,9555.5,10368.5,1117.5,8387.0,10389.5,7253.071428571428,9923.0,January 2026,2026-01-30
4619,"Habib, Hady",0,5.0,0.0,0.0,2.0,21.0,42.0,2.0,5.0,-22.0,0.5,0.4,,8483.5,1985.5,9555.5,11160.0,10841.0,10465.5,,8748.5,11503.0,January 2026,2026-01-30
4637,"Halys, Quentin",7,102.0,20.0,60.0,24.0,360.0,458.0,120.0,220.0,46.0,0.7860262008733624,0.5454545454545454,0.3333333333333333,210.0,10717.5,393.5,204.0,1044.0,5879.0,6929.0,3625.285714285714,858.0,January 2026,2026-01-30
4666,"Hanfmann, Yannick",1,36.0,7.0,18.0,7.0,137.0,183.0,52.0,96.0,-8.0,0.7486338797814208,0.5416666666666666,0.3888888888888889,2138.0,5829.5,6056.0,10414.5,2634.5,6101.5,5086.5,5465.785714285715,5234.0,January 2026,2026-01-30
4685,Harper C / Mboko V,0,0.0,3.0,6.0,1.0,23.0,34.0,8.0,19.0,-5.0,0.6764705882352942,0.4210526315789473,0.5,11184.0,1237.5,9555.5,10265.5,7023.5,10242.5,1824.5,7333.285714285715,10070.0,January 2026,2026-01-30
4691,"Harris, Billy",1,14.0,5.0,13.0,6.0,93.0,131.0,49.0,85.0,-13.0,0.7099236641221374,0.5764705882352941,0.3846153846153846,5489.5,5199.5,6056.0,10688.0,4955.5,3874.0,5219.0,5925.928571428572,6664.0,January 2026,2026-01-30
4702,"Harris, Lloyd",0,5.0,1.0,7.0,0.0,45.0,62.0,11.0,17.0,-3.0,0.7258064516129032,0.6470588235294118,0.1428571428571428,8483.5,462.5,9555.5,10181.0,4033.5,859.0,9872.5,6206.785714285715,7310.0,January 2026,2026-01-30
4708,Harrison C / Gauff C,3,10.0,12.0,26.0,9.0,86.0,133.0,32.0,53.0,28.0,0.6466165413533834,0.6037735849056604,0.4615384615384615,6587.5,6924.0,2508.0,359.0,8468.0,2325.0,2716.5,4269.714285714285,2087.0,January 2026,2026-01-30
4713,"Hassan, Benjamin",1,13.0,4.0,11.0,3.0,73.0,109.0,28.0,54.0,-7.0,0.6697247706422018,0.5185185185185185,0.3636363636363636,5745.0,2860.0,6056.0,10368.5,7397.0,7517.5,5920.0,6552.0,8140.5,January 2026,2026-01-30
4722,"Heide, Gustavo",1,11.0,4.0,16.0,9.0,66.0,105.0,17.0,31.0,-4.0,0.6285714285714286,0.5483870967741935,0.25,6283.5,6924.0,6056.0,10222.0,9148.5,5703.0,8825.5,7594.642857142857,10502.0,January 2026,2026-01-30
4723,"Helgo, Malene",0,4.0,4.0,7.0,5.0,49.0,80.0,23.0,50.0,-28.0,0.6125,0.46,0.5714285714285714,8947.0,4484.5,9555.5,11354.0,9619.5,9609.0,905.0,7782.071428571428,10747.0,January 2026,2026-01-30
4775,"Herbert, Pierre-Hugues",2,26.0,6.0,14.0,7.0,93.0,116.0,28.0,53.0,6.0,0.8017241379310345,0.5283018867924528,0.4285714285714285,3285.5,5829.5,3822.0,786.5,663.0,6941.0,3667.0,3570.6428571428573,783.0,January 2026,2026-01-30
4787,"Hewitt, Cruz",0,8.0,5.0,11.0,7.0,47.0,85.0,17.0,32.0,-25.0,0.5529411764705883,0.53125,0.4545454545454545,7234.5,5829.5,9555.5,11275.5,10533.0,6749.0,2889.5,7723.785714285715,10675.0,January 2026,2026-01-30
4792,"Hijikata, Rinky",5,37.0,21.0,49.0,17.0,251.0,356.0,97.0,169.0,23.0,0.7050561797752809,0.5739644970414202,0.4285714285714285,2051.5,9643.5,1055.5,423.0,5270.0,4018.5,3667.0,3732.714285714286,1006.0,January 2026,2026-01-30
4844,"Holmgren, August",0,8.0,0.0,3.0,0.0,30.0,41.0,5.0,10.0,-9.0,0.7317073170731707,0.5,0.0,7234.5,462.5,9555.5,10468.0,3635.5,8387.0,10389.5,7161.785714285715,9730.0,January 2026,2026-01-30
4853,"Holt, Brandon",1,19.0,4.0,17.0,2.0,101.0,135.0,32.0,66.0,8.0,0.7481481481481481,0.4848484848484848,0.2352941176470588,4421.0,1985.5,6056.0,734.5,2656.0,8879.0,9079.0,4830.142857142857,3465.0,January 2026,2026-01-30
4865,"Hsu, Yu Hsiou",0,6.0,2.0,6.0,1.0,43.0,59.0,8.0,21.0,-4.0,0.7288135593220338,0.3809523809523809,0.3333333333333333,8027.0,1237.5,9555.5,10222.0,3839.5,10598.0,6929.0,7201.214285714285,9813.0,January 2026,2026-01-30
5011,"Humbert, Ugo",4,51.0,18.0,38.0,20.0,274.0,357.0,111.0,192.0,45.0,0.7675070028011205,0.578125,0.4736842105263157,1187.0,10216.5,1659.0,211.5,1718.0,3772.0,2466.5,3032.928571428572,246.0,January 2026,2026-01-30
5018,"Hunter, Storm",1,2.0,4.0,10.0,3.0,36.0,45.0,7.0,17.0,15.0,0.8,0.4117647058823529,0.4,9990.5,2860.0,6056.0,568.0,697.5,10349.0,4676.0,5028.142857142857,4016.0,January 2026,2026-01-30
5023,"Hurkacz, Hubert",5,122.0,9.0,42.0,6.0,336.0,412.0,83.0,164.0,28.0,0.8155339805825242,0.5060975609756098,0.2142857142857142,113.0,5199.5,1055.5,359.0,409.0,8092.0,9327.0,3507.8571428571427,693.0,January 2026,2026-01-30
5098,Italy,1,0.0,0.0,0.0,0.0,0.0,0.0,0.0,0.0,0.0,,,,11184.0,462.5,6056.0,5510.5,,,,5803.25,6220.5,January 2026,2026-01-30
5198,"Jacquet, Kyrian",0,19.0,3.0,8.0,6.0,79.0,103.0,40.0,70.0,-12.0,0.7669902912621359,0.5714285714285714,0.375,4421.0,5199.5,9555.5,10628.5,1742.5,4182.5,5539.5,5895.571428571428,6586.0,January 2026,2026-01-30
5390,Japan,0,0.0,0.0,0.0,0.0,0.0,0.0,0.0,0.0,0.0,,,,11184.0,462.5,9555.5,5510.5,,,,6678.125,8560.5,January 2026,2026-01-30
5397,"Jarry, Nicolas",0,2.0,1.0,3.0,0.0,28.0,46.0,7.0,15.0,-21.0,0.6086956521739131,0.4666666666666667,0.3333333333333333,9990.5,462.5,9555.5,11115.0,9714.0,9438.0,6929.0,8172.071428571428,11165.0,January 2026,2026-01-30
5403,"Jasika, Omar",0,1.0,2.0,6.0,0.0,20.0,37.0,7.0,20.0,-21.0,0.5405405405405406,0.35,0.3333333333333333,10491.0,462.5,9555.5,11115.0,10648.5,10757.5,6929.0,8565.57142857143,11431.0,January 2026,2026-01-30
5491,"Jeanjean, Leolia",0,11.0,2.0,7.0,8.0,48.0,82.0,14.0,33.0,-42.0,0.5853658536585366,0.4242424242424242,0.2857142857142857,6283.5,6395.0,9555.5,11549.5,10177.0,10199.5,8158.0,8902.57142857143,11554.0,January 2026,2026-01-30
5708,"Jodar, Rafael",4,19.0,21.0,47.0,6.0,207.0,310.0,69.0,125.0,25.0,0.667741935483871,0.552,0.4468085106382978,4421.0,5199.5,1659.0,397.0,7458.0,5474.0,3076.0,3954.928571428572,1397.0,January 2026,2026-01-30
5795,"Joint, Maya",0,1.0,1.0,3.0,4.0,26.0,60.0,13.0,30.0,-58.0,0.4333333333333333,0.4333333333333333,0.3333333333333333,10491.0,3697.5,9555.5,11618.5,10977.5,10098.0,6929.0,9052.42857142857,11586.0,January 2026,2026-01-30
5864,"Jovanovski, Daniel",0,3.0,1.0,5.0,5.0,30.0,42.0,13.0,28.0,-16.0,0.7142857142857143,0.4642857142857143,0.2,9455.5,4484.5,9555.5,10862.5,4701.5,9496.5,9476.5,8290.357142857143,11273.0,January 2026,2026-01-30
6144,"Kecmanovic, Miomir",0,19.0,6.0,19.0,7.0,135.0,194.0,47.0,92.0,-37.0,0.6958762886597938,0.5108695652173914,0.3157894736842105,4421.0,5829.5,9555.5,11498.5,5871.0,7891.5,7475.0,7506.0,10373.0,January 2026,2026-01-30
6211,"Khachanov, Karen",2,65.0,12.0,36.0,10.0,231.0,300.0,85.0,152.0,27.0,0.77,0.5592105263157895,0.3333333333333333,716.5,7402.5,3822.0,371.0,1638.0,5015.0,6929.0,3699.142857142857,956.0,January 2026,2026-01-30
6248,"Klein, Lukas",2,10.0,9.0,35.0,8.0,151.0,214.0,42.0,87.0,10.0,0.705607476635514,0.4827586206896552,0.2571428571428571,6587.5,6395.0,3822.0,693.0,5235.0,8947.0,8624.5,5757.714285714285,5981.0,January 2026,2026-01-30
6260,"Kokkinakis, Thanasi",1,15.0,3.0,5.0,1.0,43.0,61.0,24.0,38.0,4.0,0.7049180327868853,0.631578947368421,0.6,5248.0,1237.5,6056.0,838.5,5278.0,1264.0,737.0,2951.285714285714,197.0,January 2026,2026-01-30
6261,"Kolar, Zdenek",0,1.0,0.0,4.0,5.0,26.0,33.0,5.0,12.0,-15.0,0.7878787878787878,0.4166666666666667,0.0,10491.0,4484.5,9555.5,10803.0,993.0,10299.5,10389.5,8145.142857142857,11140.0,January 2026,2026-01-30
6267,"Kopriva, Vit",2,27.0,13.0,32.0,12.0,163.0,253.0,69.0,133.0,-19.0,0.6442687747035574,0.518796992481203,0.40625,3144.0,8210.0,3822.0,11015.5,8558.0,7498.5,4386.5,6662.071428571428,8377.0,January 2026,2026-01-30
6277,"Korda, Sebastian",2,54.0,7.0,30.0,15.0,189.0,237.0,90.0,143.0,20.0,0.7974683544303798,0.6293706293706294,0.2333333333333333,1059.0,9144.0,3822.0,473.5,749.5,1346.0,9098.0,3670.285714285714,918.0,January 2026,2026-01-30
6295,"Kovacevic, Aleksandar",3,83.0,5.0,14.0,20.0,225.0,279.0,90.0,150.0,-14.0,0.8064516129032258,0.6,0.3571428571428571,405.0,10216.5,2508.0,10747.0,557.5,2509.0,6128.0,4724.428571428572,3207.0,January 2026,2026-01-30
6310,"Krejcikova, Barbora",2,18.0,11.0,20.0,20.0,91.0,110.0,37.0,66.0,30.0,0.8272727272727273,0.5606060606060606,0.55,4609.5,10216.5,3822.0,337.5,271.0,4908.5,1086.0,3607.285714285714,826.0,January 2026,2026-01-30
6322,"Krueger, Mitchell",0,5.0,1.0,1.0,1.0,36.0,60.0,12.0,20.0,-9.0,0.6,0.6,1.0,8483.5,1237.5,9555.5,10468.0,9908.0,2509.0,108.5,6038.571428571428,6913.0,January 2026,2026-01-30
6329,"Kubler, Jason",3,30.0,9.0,32.0,5.0,137.0,176.0,44.0,80.0,23.0,0.7784090909090909,0.55,0.28125,2769.5,4484.5,2508.0,423.0,1307.0,5593.0,8280.0,3623.571428571429,853.5,January 2026,2026-01-30
6371,"Kym, Jerome",1,21.0,4.0,17.0,4.0,55.0,75.0,21.0,38.0,14.0,0.7333333333333333,0.5526315789473685,0.2352941176470588,4065.5,3697.5,6056.0,593.5,3533.5,5429.0,9079.0,4636.285714285715,2972.0,January 2026,2026-01-30
6377,"Kypson, Patrick",1,37.0,6.0,14.0,14.0,148.0,197.0,51.0,105.0,-30.0,0.751269035532995,0.4857142857142857,0.4285714285714285,2051.5,8866.5,6056.0,11397.5,2473.0,8854.5,3667.0,6195.142857142857,7278.0,January 2026,2026-01-30
6380,"Kyrgios, Nick",0,5.0,0.0,0.0,0.0,23.0,29.0,10.0,17.0,-13.0,0.7931034482758621,0.5882352941176471,,8483.5,462.5,9555.5,10688.0,857.5,3130.5,,5529.583333333333,5393.0,January 2026,2026-01-30
6385,"Lajal, Mark",0,6.0,1.0,2.0,5.0,37.0,47.0,11.0,22.0,-13.0,0.7872340425531915,0.5,0.5,8027.0,4484.5,9555.5,10688.0,1010.5,8387.0,1824.5,6282.428571428572,7506.0,January 2026,2026-01-30
6395,"Lajovic, Dusan",2,19.0,7.0,26.0,7.0,143.0,195.0,39.0,74.0,17.0,0.7333333333333333,0.527027027027027,0.2692307692307692,4421.0,5829.5,3822.0,522.0,3533.5,7020.5,8463.0,4801.642857142857,3396.5,January 2026,2026-01-30
6401,"Lamens, Suzan",0,1.0,3.0,8.0,10.0,38.0,69.0,15.0,31.0,-40.0,0.5507246376811594,0.4838709677419355,0.375,10491.0,7402.5,9555.5,11534.5,10564.5,8907.5,5539.5,9142.142857142857,11604.0,January 2026,2026-01-30
6409,"Landaluce, Martin",1,16.0,4.0,7.0,13.0,90.0,129.0,34.0,60.0,-19.0,0.6976744186046512,0.5666666666666667,0.5714285714285714,5024.0,8561.0,6056.0,11015.5,5763.0,4508.5,905.0,5976.142857142857,6782.0,January 2026,2026-01-30
6494,"Lehecka, Jiri",1,22.0,6.0,11.0,1.0,122.0,164.0,40.0,82.0,-6.0,0.7439024390243902,0.4878048780487805,0.5454545454545454,3894.0,1237.5,6056.0,10317.0,2895.0,8805.0,1118.5,4903.285714285715,3660.0,January 2026,2026-01-30
6561,"Llamas Ruiz, Pablo",1,8.0,5.0,9.0,2.0,87.0,135.0,16.0,37.0,-8.0,0.6444444444444445,0.4324324324324324,0.5555555555555556,7234.5,1985.5,6056.0,10414.5,8551.5,10111.5,1035.5,6484.142857142857,7972.0,January 2026,2026-01-30
6604,"Loffhagen, George",2,26.0,4.0,28.0,7.0,110.0,144.0,50.0,91.0,16.0,0.7638888888888888,0.5494505494505495,0.1428571428571428,3285.5,5829.5,3822.0,544.5,1874.0,5633.5,9872.5,4408.785714285715,2418.0,January 2026,2026-01-30
6840,"Lys, Eva",1,0.0,13.0,26.0,12.0,65.0,114.0,22.0,44.0,7.0,0.5701754385964912,0.5,0.5,11184.0,8210.0,6056.0,759.0,10375.0,8387.0,1824.5,6685.071428571428,8728.0,January 2026,2026-01-30
6846,"Machac, Tomas",7,70.0,28.0,67.0,20.0,411.0,574.0,160.0,275.0,38.0,0.7160278745644599,0.5818181818181818,0.417910447761194,608.0,10216.5,393.5,263.5,4585.0,3543.5,3996.5,3372.3571428571427,527.0,January 2026,2026-01-30
6900,"Maestrelli, Francesco",4,65.0,14.0,48.0,17.0,229.0,313.0,92.0,161.0,-2.0,0.731629392971246,0.5714285714285714,0.2916666666666667,716.5,9643.5,1659.0,10139.5,3645.0,4182.5,8019.0,5429.285714285715,5142.0,January 2026,2026-01-30
6910,"Majchrzak, Kamil",4,48.0,20.0,56.0,14.0,315.0,442.0,125.0,220.0,23.0,0.7126696832579186,0.5681818181818182,0.3571428571428571,1325.0,8866.5,1659.0,423.0,4823.0,4411.5,6128.0,3948.0,1373.0,January 2026,2026-01-30
6947,"Mannarino, Adrian",0,11.0,1.0,8.0,6.0,78.0,133.0,33.0,72.0,-71.0,0.5864661654135338,0.4583333333333333,0.125,6283.5,5199.5,9555.5,11635.0,10159.0,9645.5,9955.0,8919.0,11557.0,January 2026,2026-01-30
7175,"Marinkov, Pavle",0,2.0,0.0,1.0,3.0,21.0,33.0,20.0,28.0,-13.0,0.6363636363636364,0.7142857142857143,0.0,9990.5,2860.0,9555.5,10688.0,8889.5,193.0,10389.5,7509.428571428572,10376.0,January 2026,2026-01-30
7209,"Marozsan, Fabian",5,38.0,29.0,72.0,13.0,372.0,542.0,121.0,233.0,16.0,0.6863468634686347,0.51931330472103,0.4027777777777778,1972.5,8561.0,1055.5,544.5,6463.5,7468.0,4457.5,4360.357142857143,2318.0,January 2026,2026-01-30
7259,"Martinez, Pedro",0,2.0,0.0,0.0,6.0,42.0,70.0,10.0,22.0,-41.0,0.6,0.4545454545454545,,9990.5,5199.5,9555.5,11544.0,9908.0,9736.0,,9322.25,11626.0,January 2026,2026-01-30
7542,"Mayot, Harold",0,6.0,0.0,1.0,4.0,33.0,50.0,10.0,20.0,-17.0,0.66,0.5,0.0,8027.0,3697.5,9555.5,10918.0,7860.5,8387.0,10389.5,8405.0,11353.0,January 2026,2026-01-30
7548,"Mboko, Victoria",1,18.0,7.0,14.0,10.0,76.0,107.0,27.0,50.0,-2.0,0.7102803738317757,0.54,0.5,4609.5,7402.5,6056.0,10139.5,4938.0,6201.0,1824.5,5881.571428571428,6541.5,January 2026,2026-01-30
7551,"McCabe, James",1,19.0,4.0,7.0,2.0,91.0,119.0,23.0,44.0,8.0,0.7647058823529411,0.5227272727272727,0.5714285714285714,4421.0,1985.5,6056.0,734.5,1840.0,7263.0,905.0,3315.0,461.5,January 2026,2026-01-30
7560,"McDonald, Mackenzie",2,23.0,11.0,31.0,6.0,153.0,235.0,69.0,120.0,-7.0,0.6510638297872341,0.575,0.3548387096774194,3726.5,5199.5,3822.0,10368.5,8276.0,3951.0,6199.0,5934.642857142857,6687.0,January 2026,2026-01-30
7572,"Medjedovic, Hamad",4,71.0,17.0,45.0,28.0,253.0,346.0,96.0,165.0,14.0,0.7312138728323699,0.5818181818181818,0.3777777777777777,586.5,11049.5,1659.0,593.5,3669.0,3543.5,5416.0,3788.142857142857,1103.0,January 2026,2026-01-30
7583,"Medvedev, Daniil",8,96.0,45.0,90.0,48.0,394.0,548.0,127.0,223.0,123.0,0.718978102189781,0.5695067264573991,0.5,246.5,11566.0,232.5,24.5,4412.0,4330.0,1824.5,3233.714285714286,399.0,January 2026,2026-01-30
7594,"Mejia, Nicolas",1,6.0,5.0,16.0,3.0,67.0,99.0,21.0,42.0,-8.0,0.6767676767676768,0.5,0.3125,8027.0,2860.0,6056.0,10414.5,7002.5,8387.0,7543.0,7184.285714285715,9774.5,January 2026,2026-01-30
7610,"Mensik, Jakub",8,136.0,36.0,79.0,55.0,398.0,514.0,163.0,314.0,72.0,0.77431906614786,0.5191082802547771,0.4556962025316455,69.0,11599.0,232.5,85.5,1465.0,7485.5,2835.0,3395.928571428572,550.0,January 2026,2026-01-30
7619,"Merida, Daniel",1,11.0,7.0,22.0,7.0,88.0,134.0,20.0,46.0,-5.0,0.6567164179104478,0.4347826086956521,0.3181818181818182,6283.5,5829.5,6056.0,10265.5,8021.5,10078.5,7419.0,7707.642857142857,10643.0,January 2026,2026-01-30
7621,"Mertens, Elise",3,26.0,17.0,30.0,11.0,131.0,173.0,68.0,114.0,46.0,0.7572254335260116,0.5964912280701754,0.5666666666666667,3285.5,7818.5,2508.0,204.0,2198.0,2678.0,957.5,2807.0714285714284,134.0,January 2026,2026-01-30
7663,"Michelsen, Alex",4,52.0,14.0,51.0,14.0,286.0,399.0,109.0,191.0,2.0,0.7167919799498746,0.5706806282722513,0.2745098039215686,1141.0,8866.5,1659.0,890.5,4533.0,4253.5,8361.5,4243.571428571428,2026.0,January 2026,2026-01-30
7750,"Mikrut, Luka",0,3.0,2.0,2.0,2.0,33.0,54.0,19.0,32.0,-12.0,0.6111111111111112,0.59375,1.0,9455.5,1985.5,9555.5,10628.5,9649.0,2823.5,108.5,6315.142857142857,7577.0,January 2026,2026-01-30
7864,"Misolic, Filip",1,13.0,5.0,24.0,12.0,113.0,165.0,50.0,105.0,-46.0,0.6848484848484848,0.4761904761904761,0.2083333333333333,5745.0,8210.0,6056.0,11576.0,6561.5,9162.5,9372.0,8097.571428571428,11100.0,January 2026,2026-01-30
7889,"Mmoh, Michael",4,48.0,10.0,30.0,17.0,194.0,252.0,59.0,105.0,14.0,0.7698412698412699,0.5619047619047619,0.3333333333333333,1325.0,9643.5,1659.0,593.5,1643.0,4839.0,6929.0,3804.571428571429,1137.0,January 2026,2026-01-30
7895,"Mochizuki, Shintaro",0,12.0,5.0,26.0,26.0,137.0,197.0,76.0,147.0,-57.0,0.6954314720812182,0.5170068027210885,0.1923076923076923,6001.5,10925.0,9555.5,11614.5,5900.0,7605.5,9580.5,8740.357142857143,11499.0,January 2026,2026-01-30
7919,"Molcan, Alex",1,2.0,2.0,8.0,4.0,67.0,113.0,19.0,30.0,-20.0,0.5929203539823009,0.6333333333333333,0.25,9990.5,3697.5,6056.0,11067.0,10043.5,1211.5,8825.5,7270.214285714285,9960.0,January 2026,2026-01-30
7924,"Moller, Elmer",1,7.0,6.0,17.0,14.0,87.0,123.0,18.0,34.0,-1.0,0.7073170731707317,0.5294117647058824,0.3529411764705882,7596.0,8866.5,6056.0,10096.5,5120.5,6871.0,6260.0,7266.642857142857,9950.0,January 2026,2026-01-30
7935,"Monfils, Gael",0,24.0,4.0,15.0,12.0,111.0,149.0,50.0,96.0,-21.0,0.7449664429530202,0.5208333333333334,0.2666666666666666,3578.5,8210.0,9555.5,11115.0,2837.5,7371.5,8498.5,7309.5,10025.0,January 2026,2026-01-30
7949,"Moreno de Alboran, Nicolas",0,3.0,0.0,4.0,0.0,27.0,37.0,8.0,13.0,-10.0,0.7297297297297297,0.6153846153846154,0.0,9455.5,462.5,9555.5,10521.5,3777.0,1832.5,10389.5,6570.571428571428,8183.0,January 2026,2026-01-30
7960,"Moutet, Corentin",2,16.0,13.0,19.0,14.0,107.0,163.0,56.0,96.0,14.0,0.656441717791411,0.5833333333333334,0.6842105263157895,5024.0,8866.5,3822.0,593.5,8031.5,3457.5,383.0,4311.142857142857,2199.0,January 2026,2026-01-30
7972,"Mpetshi Perricard, Giovanni",4,159.0,8.0,32.0,21.0,350.0,464.0,101.0,165.0,-34.0,0.7543103448275862,0.6121212121212121,0.25,30.5,10367.5,1659.0,11459.5,2340.0,1961.0,8825.5,5234.714285714285,4563.0,January 2026,2026-01-30
7993,"Muller, Alexandre",2,24.0,13.0,32.0,13.0,213.0,316.0,66.0,130.0,-59.0,0.6740506329113924,0.5076923076923077,0.40625,3578.5,8561.0,3822.0,11622.0,7168.5,8027.5,4386.5,6738.0,8845.5,January 2026,2026-01-30
8005,"Munar, Jaume",3,65.0,19.0,56.0,20.0,287.0,387.0,118.0,205.0,24.0,0.7416020671834626,0.5756097560975609,0.3392857142857143,716.5,10216.5,2508.0,409.5,3026.5,3914.5,6571.5,3909.0,1297.0,January 2026,2026-01-30
8020,"Musetti, Lorenzo",7,59.0,40.0,106.0,23.0,391.0,556.0,165.0,264.0,109.0,0.7032374100719424,0.625,0.3773584905660377,890.0,10607.5,393.5,37.0,5389.0,1485.5,5423.5,3460.8571428571427,627.0,January 2026,2026-01-30
8045,"Nakashima, Brandon",4,54.0,11.0,34.0,6.0,213.0,278.0,66.0,115.0,27.0,0.7661870503597122,0.5739130434782609,0.3235294117647059,1059.0,5199.5,1659.0,371.0,1779.5,4023.0,7322.0,3059.0,264.0,January 2026,2026-01-30
8066,"Nardi, Luca",0,14.0,6.0,25.0,11.0,85.0,129.0,44.0,79.0,-25.0,0.6589147286821705,0.5569620253164557,0.24,5489.5,7818.5,9555.5,11275.5,7922.0,5163.0,9039.5,8037.642857142857,11043.0,January 2026,2026-01-30
8077,"Nava, Emilio",4,84.0,20.0,53.0,19.0,335.0,460.0,117.0,195.0,25.0,0.7282608695652174,0.6,0.3773584905660377,390.0,10042.0,1659.0,397.0,3875.0,2509.0,5423.5,3470.785714285714,640.0,January 2026,2026-01-30
8085,"Navone, Mariano",0,12.0,7.0,21.0,11.0,117.0,198.0,57.0,102.0,-45.0,0.5909090909090909,0.5588235294117647,0.3333333333333333,6001.5,7818.5,9555.5,11571.0,10081.5,5045.0,6929.0,8143.142857142857,11138.0,January 2026,2026-01-30
8097,Netherlands,0,0.0,0.0,0.0,0.0,0.0,0.0,0.0,0.0,0.0,,,,11184.0,462.5,9555.5,5510.5,,,,6678.125,8560.5,January 2026,2026-01-30
8100,"Neumayer, Lukas",0,6.0,2.0,8.0,2.0,31.0,50.0,22.0,41.0,-11.0,0.62,0.5365853658536586,0.25,8027.0,1985.5,9555.5,10571.5,9388.5,6436.5,8825.5,7827.142857142857,10818.0,January 2026,2026-01-30
8287,"Nishioka, Yoshihito",1,4.0,6.0,15.0,0.0,35.0,64.0,12.0,16.0,8.0,0.546875,0.75,0.4,8947.0,462.5,6056.0,734.5,10600.0,87.0,4676.0,4509.0,2662.0,January 2026,2026-01-30
8332,"Norrie, Cameron",4,53.0,20.0,63.0,19.0,357.0,502.0,149.0,236.0,22.0,0.7111553784860558,0.6313559322033898,0.3174603174603174,1102.0,10042.0,1659.0,438.0,4893.0,1275.0,7437.0,3835.142857142857,1177.0,January 2026,2026-01-30
8340,Norway,0,0.0,0.0,0.0,0.0,0.0,0.0,0.0,0.0,0.0,,,,11184.0,462.5,9555.5,5510.5,,,,6678.125,8560.5,January 2026,2026-01-30
8420,"O'Connell, Christopher",1,51.0,15.0,21.0,7.0,164.0,235.0,58.0,132.0,-6.0,0.6978723404255319,0.4393939393939394,0.7142857142857143,1187.0,5829.5,6056.0,10317.0,5749.0,9998.5,352.5,5641.357142857143,5687.5,January 2026,2026-01-30
8430,"Ofner, Sebastian",1,23.0,3.0,7.0,9.0,84.0,112.0,33.0,53.0,5.0,0.75,0.6226415094339622,0.4285714285714285,3726.5,6924.0,6056.0,813.5,2550.5,1564.5,3667.0,3614.571428571429,836.0,January 2026,2026-01-30
8446,"Olivieri, Genaro Alberto",0,0.0,0.0,3.0,2.0,28.0,48.0,1.0,2.0,-20.0,0.5833333333333334,0.5,0.0,11184.0,1985.5,9555.5,11067.0,10200.0,8387.0,10389.5,8966.92857142857,11566.0,January 2026,2026-01-30
8454,"Onclin, Gauthier",0,1.0,2.0,5.0,6.0,36.0,61.0,19.0,25.0,-6.0,0.5901639344262295,0.76,0.4,10491.0,5199.5,9555.5,10317.0,10098.0,69.0,4676.0,7200.857142857143,9811.0,January 2026,2026-01-30
8463,"Opelka, Reilly",3,162.0,8.0,25.0,27.0,317.0,391.0,79.0,109.0,28.0,0.8107416879795396,0.7247706422018348,0.32,28.5,10989.5,2508.0,359.0,481.0,146.0,7385.5,3128.214285714286,315.0,January 2026,2026-01-30
8473,"Osaka, Naomi",1,7.0,6.0,19.0,4.0,47.0,73.0,25.0,39.0,13.0,0.6438356164383562,0.6410256410256411,0.3157894736842105,7596.0,3697.5,6056.0,620.0,8572.0,1001.5,7475.0,5002.571428571428,3954.0,January 2026,2026-01-30
8631,"Pacheco Mendez, Rodrigo",0,2.0,1.0,4.0,3.0,18.0,41.0,1.0,5.0,-22.0,0.4390243902439024,0.2,0.25,9990.5,2860.0,9555.5,11160.0,10971.5,11002.0,8825.5,9195.0,11609.0,January 2026,2026-01-30
8639,"Paolini, Jasmine",1,6.0,8.0,22.0,4.0,50.0,81.0,25.0,48.0,5.0,0.6172839506172839,0.5208333333333334,0.3636363636363636,8027.0,3697.5,6056.0,813.5,9476.5,7371.5,5920.0,5908.857142857143,6621.0,January 2026,2026-01-30
8655,"Passaro, Francesco",1,22.0,5.0,20.0,4.0,84.0,118.0,20.0,44.0,2.0,0.711864406779661,0.4545454545454545,0.25,3894.0,3697.5,6056.0,890.5,4863.0,9736.0,8825.5,5423.214285714285,5131.5,January 2026,2026-01-30
8669,Paul J / Bencic B,4,11.0,15.0,27.0,5.0,141.0,215.0,36.0,79.0,20.0,0.6558139534883721,0.4556962025316455,0.5555555555555556,6283.5,4484.5,1659.0,473.5,8062.0,9694.0,1035.5,4527.428571428572,2699.5,January 2026,2026-01-30
8680,"Paul, Tommy",5,58.0,23.0,45.0,9.0,275.0,347.0,143.0,215.0,109.0,0.792507204610951,0.6651162790697674,0.5111111111111111,926.0,6924.0,1055.5,37.0,871.0,593.0,1427.0,1690.5,2.0,January 2026,2026-01-30
8712,Pavlasek A / Krejcikova B,1,2.0,3.0,6.0,2.0,34.0,47.0,6.0,7.0,11.0,0.723404255319149,0.8571428571428571,0.5,9990.5,1985.5,6056.0,670.0,4162.0,15.0,1824.5,3529.0714285714284,728.0,January 2026,2026-01-30
8714,"Pavlovic, Luka",0,6.0,1.0,2.0,2.0,20.0,36.0,14.0,23.0,-19.0,0.5555555555555556,0.6086956521739131,0.5,8027.0,1985.5,9555.5,11015.5,10511.5,2101.0,1824.5,6431.5,7842.0,January 2026,2026-01-30
8797,Pel D / Schuurs D,0,0.0,0.0,0.0,0.0,0.0,0.0,0.0,0.0,-2.0,,,,11184.0,462.5,9555.5,10139.5,,,,7835.375,10829.0,January 2026,2026-01-30
8799,"Pellegrino, Andrea",0,8.0,4.0,8.0,4.0,32.0,56.0,14.0,29.0,-17.0,0.5714285714285714,0.4827586206896552,0.5,7234.5,3697.5,9555.5,10918.0,10355.5,8947.0,1824.5,7504.642857142857,10370.0,January 2026,2026-01-30
8803,"Peniston, Ryan",0,1.0,1.0,7.0,3.0,16.0,35.0,3.0,13.0,-24.0,0.4571428571428571,0.2307692307692307,0.1428571428571428,10491.0,2860.0,9555.5,11240.5,10949.0,10987.0,9872.5,9422.214285714286,11632.0,January 2026,2026-01-30
8918,"Pinnington Jones, Jack",0,5.0,2.0,6.0,6.0,31.0,57.0,2.0,2.0,-7.0,0.543859649122807,1.0,0.3333333333333333,8483.5,5199.5,9555.5,10368.5,10618.0,3.5,6929.0,7308.214285714285,10021.0,January 2026,2026-01-30
8923,"Piros, Zsombor",0,7.0,3.0,12.0,4.0,69.0,114.0,22.0,44.0,-24.0,0.6052631578947368,0.5,0.25,7596.0,3697.5,9555.5,11240.5,9793.5,8387.0,8825.5,8442.214285714286,11380.0,January 2026,2026-01-30
8927,Poland,5,0.0,0.0,0.0,0.0,0.0,0.0,0.0,0.0,0.0,,,,11184.0,462.5,1055.5,5510.5,,,,4553.125,2753.5,January 2026,2026-01-30
8931,"Polmans, Marc",0,0.0,2.0,9.0,2.0,43.0,69.0,5.0,11.0,-8.0,0.6231884057971014,0.4545454545454545,0.2222222222222222,11184.0,1985.5,9555.5,10414.5,9293.0,9736.0,9243.0,8773.07142857143,11517.0,January 2026,2026-01-30
8936,"Popko, Dmitry",0,8.0,1.0,4.0,1.0,50.0,71.0,26.0,49.0,-11.0,0.704225352112676,0.5306122448979592,0.25,7234.5,1237.5,9555.5,10571.5,5319.5,6791.5,8825.5,7076.5,9570.5,January 2026,2026-01-30
8944,"Popyrin, Alexei",0,63.0,6.0,13.0,2.0,152.0,194.0,57.0,100.0,-9.0,0.7835051546391752,0.57,0.4615384615384615,771.5,1985.5,9555.5,10468.0,1123.5,4295.0,2716.5,4416.5,2432.0,January 2026,2026-01-30
8954,"Prado Angelo, Juan Carlos",0,0.0,0.0,0.0,0.0,12.0,25.0,10.0,22.0,-23.0,0.48,0.4545454545454545,,11184.0,462.5,9555.5,11202.0,10904.5,9736.0,,8840.75,11539.0,January 2026,2026-01-30
8976,"Prizmic, Dino",2,14.0,13.0,40.0,18.0,158.0,213.0,63.0,108.0,23.0,0.7417840375586855,0.5833333333333334,0.325,5489.5,9851.0,3822.0,423.0,3016.0,3457.5,7303.0,4766.0,3302.0,January 2026,2026-01-30
9013,"Quinn, Ethan",3,51.0,18.0,50.0,16.0,216.0,293.0,95.0,156.0,34.0,0.7372013651877133,0.6089743589743589,0.36,1187.0,9406.0,2508.0,295.5,3301.5,2079.5,6043.0,3545.785714285714,746.0,January 2026,2026-01-30
9063,"Raducanu, Emma",0,0.0,3.0,11.0,4.0,36.0,63.0,10.0,21.0,-16.0,0.5714285714285714,0.4761904761904761,0.2727272727272727,11184.0,3697.5,9555.5,10862.5,10355.5,9162.5,8406.0,9031.92857142857,11580.0,January 2026,2026-01-30
9167,"Reis Da Silva, Joao Lucas",0,2.0,0.0,2.0,1.0,26.0,45.0,9.0,18.0,-17.0,0.5777777777777777,0.5,0.0,9990.5,1237.5,9555.5,10918.0,10273.5,8387.0,10389.5,8678.785714285714,11480.0,January 2026,2026-01-30
9261,"Riedi, Leandro",1,8.0,5.0,6.0,5.0,82.0,116.0,24.0,54.0,-1.0,0.7068965517241379,0.4444444444444444,0.8333333333333334,7234.5,4484.5,6056.0,10096.5,5146.5,9912.5,235.0,6166.5,7203.0,January 2026,2026-01-30
9277,"Rinderknech, Arthur",1,48.0,7.0,17.0,10.0,158.0,218.0,92.0,146.0,-6.0,0.7247706422018348,0.6301369863013698,0.4117647058823529,1325.0,7402.5,6056.0,10317.0,4100.0,1311.0,4238.0,4964.214285714285,3831.0,January 2026,2026-01-30
9461,"Rocha, Henrique",1,14.0,5.0,14.0,7.0,74.0,100.0,28.0,48.0,16.0,0.74,0.5833333333333334,0.3571428571428571,5489.5,5829.5,6056.0,544.5,3133.5,3457.5,6128.0,4376.928571428572,2358.0,January 2026,2026-01-30
9467,"Rodesch, Chris",1,11.0,5.0,19.0,8.0,75.0,112.0,14.0,22.0,3.0,0.6696428571428571,0.6363636363636364,0.2631578947368421,6283.5,6395.0,6056.0,864.0,7401.5,1123.5,8552.5,5239.428571428572,4576.5,January 2026,2026-01-30
9472,"Rodionov, Jurij",1,13.0,6.0,12.0,4.0,55.0,89.0,13.0,32.0,-12.0,0.6179775280898876,0.40625,0.5,5745.0,3697.5,6056.0,10628.5,9449.0,10418.0,1824.5,6831.214285714285,9068.0,January 2026,2026-01-30
9502,Roger-Vasselin E / Rakotomanga Rajaonah T S,0,11.0,5.0,11.0,6.0,62.0,99.0,20.0,44.0,-23.0,0.6262626262626263,0.4545454545454545,0.4545454545454545,6283.5,5199.5,9555.5,11202.0,9206.5,9736.0,2889.5,7724.642857142857,10677.0,January 2026,2026-01-30
9547,"Royer, Valentin",0,32.0,4.0,9.0,11.0,126.0,183.0,45.0,91.0,-50.0,0.6885245901639344,0.4945054945054945,0.4444444444444444,2534.0,7818.5,9555.5,11592.0,6332.5,8645.5,3164.0,7091.714285714285,9609.0,January 2026,2026-01-30
9565,"Rublev, Andrey",4,43.0,19.0,46.0,13.0,273.0,355.0,86.0,151.0,50.0,0.7690140845070422,0.5695364238410596,0.4130434782608695,1611.5,8561.0,1659.0,178.5,1674.5,4327.5,4193.5,3172.214285714286,349.5,January 2026,2026-01-30
9595,"Ruud, Casper",4,62.0,18.0,52.0,19.0,309.0,420.0,113.0,190.0,25.0,0.7357142857142858,0.5947368421052631,0.3461538461538461,802.5,10042.0,1659.0,397.0,3389.0,2769.0,6442.0,3642.928571428572,887.0,January 2026,2026-01-30
9620,"Sachko, Vitaliy",1,18.0,8.0,26.0,9.0,90.0,139.0,42.0,65.0,1.0,0.6474820143884892,0.6461538461538462,0.3076923076923077,4609.5,6924.0,6056.0,925.5,8415.5,878.5,7658.0,5066.714285714285,4139.0,January 2026,2026-01-30
9636,"Sakamoto, Rei",3,22.0,15.0,34.0,8.0,182.0,257.0,79.0,122.0,38.0,0.708171206225681,0.6475409836065574,0.4411764705882353,3894.0,6395.0,2508.0,263.5,5070.0,844.5,3273.5,3178.3571428571427,352.0,January 2026,2026-01-30
9640,Sakellaridis S / Papamichail D,0,5.0,1.0,6.0,2.0,26.0,23.0,8.0,16.0,-10.0,1.1304347826086956,0.5,0.1666666666666666,8483.5,1985.5,9555.5,10521.5,2.0,8387.0,9743.0,6954.0,9315.0,January 2026,2026-01-30
9642,Sakkari M / Tsitsipas S,1,10.0,7.0,17.0,3.0,58.0,86.0,15.0,22.0,15.0,0.6744186046511628,0.6818181818181818,0.4117647058823529,6587.5,2860.0,6056.0,568.0,7147.5,384.0,4238.0,3977.285714285714,1440.0,January 2026,2026-01-30
9643,"Sakkari, Maria",2,5.0,11.0,26.0,1.0,93.0,151.0,27.0,57.0,6.0,0.6158940397350994,0.4736842105263157,0.4230769230769231,8483.5,1237.5,3822.0,786.5,9515.5,9245.5,3865.0,5279.357142857143,4749.0,January 2026,2026-01-30
9721,"Schoolkate, Tristan",0,25.0,3.0,12.0,14.0,80.0,112.0,37.0,78.0,-57.0,0.7142857142857143,0.4743589743589743,0.25,3431.0,8866.5,9555.5,11614.5,4701.5,9215.0,8825.5,8029.928571428572,11034.0,January 2026,2026-01-30
9836,"Sekulic, Philip",0,7.0,3.0,6.0,2.0,31.0,46.0,8.0,25.0,-8.0,0.6739130434782609,0.32,0.5,7596.0,1985.5,9555.5,10414.5,7178.5,10844.0,1824.5,7056.928571428572,9526.0,January 2026,2026-01-30
9870,"Seyboth Wild, Thiago",1,7.0,3.0,10.0,3.0,64.0,88.0,25.0,37.0,-1.0,0.7272727272727273,0.6756756756756757,0.3,7596.0,2860.0,6056.0,10096.5,3939.0,447.0,7846.0,5548.642857142857,5439.0,January 2026,2026-01-30
9877,"Shang, Juncheng",3,29.0,10.0,21.0,15.0,197.0,266.0,78.0,129.0,-5.0,0.7406015037593985,0.6046511627906976,0.4761904761904761,2897.0,9144.0,2508.0,10265.5,3094.5,2277.0,2412.0,4656.857142857143,3032.0,January 2026,2026-01-30
9885,"Shapovalov, Denis",1,25.0,5.0,14.0,10.0,98.0,138.0,48.0,82.0,-13.0,0.7101449275362319,0.5853658536585366,0.3571428571428571,3431.0,7402.5,6056.0,10688.0,4943.5,3337.5,6128.0,5998.071428571428,6824.0,January 2026,2026-01-30
9899,"Shelton, Ben",5,89.0,17.0,50.0,16.0,319.0,426.0,109.0,164.0,62.0,0.7488262910798122,0.6646341463414634,0.34,330.0,9406.0,1055.5,119.5,2626.0,596.0,6565.5,2956.928571428572,202.0,January 2026,2026-01-30
9906,"Shepp, Anton",0,11.0,1.0,1.0,1.0,27.0,43.0,12.0,26.0,-15.0,0.627906976744186,0.4615384615384615,1.0,6283.5,1237.5,9555.5,10803.0,9167.0,9567.0,108.5,6674.571428571428,8408.0,January 2026,2026-01-30
9912,"Shevchenko, Alexander",5,46.0,22.0,53.0,19.0,268.0,383.0,116.0,211.0,2.0,0.6997389033942559,0.5497630331753555,0.4150943396226415,1439.5,10042.0,1055.5,890.5,5635.0,5621.0,4136.5,4117.142857142857,1729.0,January 2026,2026-01-30
9923,"Shimabukuro, Sho",0,11.0,1.0,2.0,3.0,37.0,49.0,22.0,38.0,-6.0,0.7551020408163265,0.5789473684210527,0.5,6283.5,2860.0,9555.5,10317.0,2310.0,3724.5,1824.5,5267.857142857143,4713.0,January 2026,2026-01-30
9953,"Sierra, Solana",1,8.0,8.0,16.0,14.0,65.0,108.0,31.0,64.0,-27.0,0.6018518518518519,0.484375,0.5,7234.5,8866.5,6056.0,11328.5,9864.5,8893.0,1824.5,7723.928571428572,10676.0,January 2026,2026-01-30
9964,"Sinner, Jannik",5,91.0,26.0,70.0,10.0,298.0,387.0,100.0,170.0,118.0,0.7700258397932817,0.5882352941176471,0.3714285714285714,303.0,7402.5,1055.5,30.0,1636.0,3130.5,5674.5,2747.428571428572,106.0,January 2026,2026-01-30
9983,Skupski N / Nicholls O,2,3.0,3.0,6.0,4.0,58.0,63.0,26.0,43.0,15.0,0.9206349206349206,0.6046511627906976,0.5,9455.5,3697.5,3822.0,568.0,12.0,2277.0,1824.5,3093.785714285714,286.0,January 2026,2026-01-30
9985,Smith J / Hunter S,1,3.0,3.0,13.0,2.0,46.0,71.0,15.0,25.0,0.0,0.647887323943662,0.6,0.2307692307692307,9455.5,1985.5,6056.0,5510.5,8401.0,2509.0,9137.5,6150.714285714285,7170.0,January 2026,2026-01-30
9988,"Smith, Colton",1,10.0,3.0,6.0,4.0,60.0,88.0,28.0,45.0,1.0,0.6818181818181818,0.6222222222222222,0.5,6587.5,3697.5,6056.0,925.5,6722.0,1586.0,1824.5,3914.142857142857,1304.0,January 2026,2026-01-30
9998,"Sonego, Lorenzo",2,27.0,12.0,29.0,10.0,135.0,191.0,46.0,83.0,13.0,0.7068062827225131,0.5542168674698795,0.4137931034482758,3144.0,7402.5,3822.0,620.0,5152.0,5337.0,4169.5,4235.285714285715,2000.0,January 2026,2026-01-30
10046,Spain,0,0.0,0.0,0.0,0.0,0.0,0.0,0.0,0.0,0.0,,,,11184.0,462.5,9555.5,5510.5,,,,6678.125,8560.5,January 2026,2026-01-30
10049,"Spizzirri, Eliot",6,58.0,34.0,83.0,13.0,358.0,475.0,119.0,224.0,89.0,0.7536842105263157,0.53125,0.4096385542168674,926.0,8561.0,653.0,60.0,2367.0,6749.0,4293.0,3372.714285714286,529.0,January 2026,2026-01-30
10270,"Struff, Jan-Lennard",3,55.0,18.0,59.0,19.0,215.0,298.0,84.0,146.0,23.0,0.7214765100671141,0.5753424657534246,0.3050847457627119,1019.5,10042.0,2508.0,423.0,4262.0,3927.5,7717.0,4271.285714285715,2092.5,January 2026,2026-01-30
10315,"Svajda, Zachary",3,35.0,14.0,27.0,11.0,156.0,213.0,47.0,76.0,43.0,0.7323943661971831,0.618421052631579,0.5185185185185185,2229.5,7818.5,2508.0,228.5,3590.5,1738.5,1375.0,2784.0714285714284,124.0,January 2026,2026-01-30
10321,Svrcina D / Fruhvirtova L,1,7.0,3.0,4.0,4.0,45.0,54.0,12.0,24.0,12.0,0.8333333333333334,0.5,0.75,7596.0,3697.5,6056.0,644.5,222.5,8387.0,304.0,3843.928571428572,1192.0,January 2026,2026-01-30
10322,Svrcina D / Skoch M,0,0.0,1.0,5.0,3.0,17.0,27.0,6.0,13.0,-11.0,0.6296296296296297,0.4615384615384615,0.2,11184.0,2860.0,9555.5,10571.5,9111.5,9567.0,9476.5,8903.714285714286,11556.0,January 2026,2026-01-30
10325,"Svrcina, Dalibor",0,9.0,6.0,12.0,12.0,82.0,128.0,39.0,70.0,-36.0,0.640625,0.5571428571428572,0.5,6905.5,8210.0,9555.5,11483.0,8719.0,5151.0,1824.5,7406.928571428572,10203.0,January 2026,2026-01-30
10331,"Swan, Katie",0,4.0,1.0,3.0,2.0,29.0,50.0,15.0,31.0,-22.0,0.58,0.4838709677419355,0.3333333333333333,8947.0,1985.5,9555.5,11160.0,10243.5,8907.5,6929.0,8246.857142857143,11236.0,January 2026,2026-01-30
10333,"Sweeny, Dane",6,25.0,26.0,70.0,27.0,318.0,472.0,131.0,224.0,20.0,0.673728813559322,0.5848214285714286,0.3714285714285714,3431.0,10989.5,653.0,473.5,7188.5,3365.5,5674.5,4539.357142857143,2718.0,January 2026,2026-01-30
10335,"Swiatek, Iga",3,17.0,22.0,47.0,8.0,132.0,216.0,59.0,109.0,27.0,0.6111111111111112,0.5412844036697247,0.4680851063829787,4808.5,6395.0,2508.0,371.0,9649.0,6131.5,2580.0,4634.714285714285,2969.0,January 2026,2026-01-30
10336,Switzerland,4,0.0,0.0,0.0,0.0,0.0,0.0,0.0,0.0,0.0,,,,11184.0,462.5,1659.0,5510.5,,,,4704.0,3154.0,January 2026,2026-01-30
10338,TE R / You X,0,1.0,0.0,6.0,1.0,19.0,26.0,4.0,15.0,-15.0,0.7307692307692307,0.2666666666666666,0.0,10491.0,1237.5,9555.5,10803.0,3703.5,10945.5,10389.5,8160.785714285715,11157.0,January 2026,2026-01-30
10342,"Taberner, Carlos",0,2.0,1.0,1.0,15.0,47.0,77.0,18.0,35.0,-51.0,0.6103896103896104,0.5142857142857142,1.0,9990.5,9144.0,9555.5,11595.0,9663.0,7729.5,108.5,8255.142857142857,11245.0,January 2026,2026-01-30
10350,"Tabilo, Alejandro",3,44.0,15.0,35.0,9.0,219.0,299.0,75.0,148.0,-4.0,0.7324414715719063,0.5067567567567568,0.4285714285714285,1547.5,6924.0,2508.0,10222.0,3586.5,8064.5,3667.0,5217.071428571428,4518.0,January 2026,2026-01-30
10357,"Tabur, Clement",0,2.0,5.0,13.0,4.0,37.0,55.0,13.0,33.0,-7.0,0.6727272727272727,0.3939393939393939,0.3846153846153846,9990.5,3697.5,9555.5,10368.5,7241.0,10513.0,5219.0,8083.571428571428,11087.0,January 2026,2026-01-30
10697,"Thompson, Jordan",1,22.0,8.0,17.0,2.0,97.0,137.0,60.0,97.0,7.0,0.708029197080292,0.6185567010309279,0.4705882352941176,3894.0,1985.5,6056.0,759.0,5075.0,1731.5,2529.5,3147.214285714286,321.0,January 2026,2026-01-30
10704,"Thompson, Kai",0,2.0,1.0,4.0,4.0,19.0,34.0,7.0,14.0,-24.0,0.5588235294117647,0.5,0.25,9990.5,3697.5,9555.5,11240.5,10482.5,8387.0,8825.5,8882.714285714286,11547.0,January 2026,2026-01-30
10709,"Tiafoe, Frances",3,41.0,15.0,34.0,7.0,180.0,238.0,84.0,153.0,25.0,0.7563025210084033,0.5490196078431373,0.4411764705882353,1747.0,5829.5,2508.0,397.0,2249.0,5659.0,3273.5,3094.714285714286,287.0,January 2026,2026-01-30
10721,"Tien, Learner",5,63.0,29.0,55.0,37.0,309.0,425.0,135.0,214.0,62.0,0.7270588235294118,0.6308411214953271,0.5272727272727272,771.5,11408.5,1055.5,119.5,3961.5,1286.5,1288.0,2841.5714285714284,150.0,January 2026,2026-01-30
10755,"Tirante, Thiago Agustin",2,44.0,10.0,23.0,9.0,119.0,159.0,58.0,108.0,3.0,0.7484276729559748,0.5370370370370371,0.4347826086956521,1547.5,6924.0,3822.0,864.0,2642.0,6408.5,3446.0,3664.857142857143,913.0,January 2026,2026-01-30
10843,"Tomic, Bernard",1,10.0,4.0,9.0,1.0,51.0,75.0,15.0,32.0,-5.0,0.68,0.46875,0.4444444444444444,6587.5,1237.5,6056.0,10265.5,6813.0,9383.5,3164.0,6215.285714285715,7333.5,January 2026,2026-01-30
10905,"Travaglia, Stefano",2,32.0,9.0,19.0,16.0,129.0,188.0,44.0,70.0,17.0,0.6861702127659575,0.6285714285714286,0.4736842105263157,2534.0,9406.0,3822.0,522.0,6480.0,1367.0,2466.5,3799.642857142857,1121.0,January 2026,2026-01-30
10924,"Trungelliti, Marco",2,15.0,11.0,28.0,11.0,104.0,163.0,40.0,71.0,-6.0,0.6380368098159509,0.5633802816901409,0.3928571428571428,5248.0,7818.5,3822.0,10317.0,8820.0,4722.5,4966.5,6530.642857142857,8084.0,January 2026,2026-01-30
10935,"Tseng, Chun Hsin",0,0.0,1.0,3.0,2.0,23.0,37.0,7.0,15.0,-18.0,0.6216216216216216,0.4666666666666667,0.3333333333333333,11184.0,1985.5,9555.5,10965.0,9348.0,9438.0,6929.0,8486.42857142857,11403.0,January 2026,2026-01-30
10948,"Tsitsipas, Stefanos",4,71.0,15.0,51.0,20.0,273.0,342.0,97.0,162.0,51.0,0.7982456140350878,0.5987654320987654,0.2941176470588235,586.5,10216.5,1659.0,173.0,735.0,2582.0,7980.0,3418.8571428571427,576.0,January 2026,2026-01-30
10955,"Tu, Li",0,1.0,1.0,3.0,4.0,17.0,40.0,4.0,11.0,-26.0,0.425,0.3636363636363636,0.3333333333333333,10491.0,3697.5,9555.5,11304.5,10986.0,10692.0,6929.0,9093.642857142857,11596.0,January 2026,2026-01-30
10971,USA,3,0.0,0.0,0.0,0.0,0.0,0.0,0.0,0.0,0.0,,,,11184.0,462.5,2508.0,5510.5,,,,4916.25,3691.5,January 2026,2026-01-30
10972,Uchiyama Y / Hibino N,0,6.0,1.0,4.0,2.0,60.0,90.0,13.0,23.0,-28.0,0.6666666666666666,0.5652173913043478,0.25,8027.0,1985.5,9555.5,11354.0,7544.5,4605.0,8825.5,7413.857142857143,10214.0,January 2026,2026-01-30
10987,"Ugo Carabelli, Camilo",0,7.0,4.0,6.0,9.0,80.0,127.0,34.0,72.0,-64.0,0.6299212598425197,0.4722222222222222,0.6666666666666666,7596.0,6924.0,9555.5,11630.0,9096.0,9291.0,479.0,7795.928571428572,10767.0,January 2026,2026-01-30
11054,"Vacherot, Valentin",4,81.0,14.0,24.0,19.0,258.0,346.0,81.0,136.0,8.0,0.7456647398843931,0.5955882352941176,0.5833333333333334,434.5,10042.0,1659.0,734.5,2801.0,2725.5,829.5,2746.5714285714284,105.0,January 2026,2026-01-30
11069,"Vallejo, Adolfo Daniel",2,10.0,10.0,19.0,8.0,92.0,135.0,22.0,41.0,17.0,0.6814814814814815,0.5365853658536586,0.5263157894736842,6587.5,6395.0,3822.0,522.0,6740.0,6436.5,1300.5,4543.357142857143,2730.0,January 2026,2026-01-30
11073,"Van Assche, Luca",2,13.0,18.0,33.0,15.0,123.0,188.0,49.0,82.0,33.0,0.6542553191489362,0.5975609756097561,0.5454545454545454,5745.0,9144.0,3822.0,306.0,8131.0,2635.5,1118.5,4414.571428571428,2427.5,January 2026,2026-01-30
11085,"Van de Zandschulp, Botic",3,57.0,12.0,33.0,28.0,228.0,302.0,75.0,139.0,-8.0,0.7549668874172185,0.539568345323741,0.3636363636363636,956.0,11049.5,2508.0,10414.5,2316.0,6222.5,5920.0,5626.642857142857,5645.0,January 2026,2026-01-30
11124,Vavassori A / Errani S,1,11.0,8.0,21.0,2.0,69.0,114.0,17.0,30.0,13.0,0.6052631578947368,0.5666666666666667,0.3809523809523809,6283.5,1985.5,6056.0,620.0,9793.5,4508.5,5334.0,4940.142857142857,3762.0,January 2026,2026-01-30
11126,"Vavassori, Andrea",3,21.0,7.0,13.0,11.0,125.0,164.0,58.0,96.0,18.0,0.7621951219512195,0.6041666666666666,0.5384615384615384,4065.5,7818.5,2508.0,505.0,1959.5,2302.5,1180.5,2905.6428571428573,170.0,January 2026,2026-01-30
11165,"Virtanen, Otto",0,15.0,2.0,5.0,2.0,42.0,65.0,14.0,22.0,-3.0,0.6461538461538462,0.6363636363636364,0.4,5248.0,1985.5,9555.5,10181.0,8483.5,1123.5,4676.0,5893.285714285715,6577.0,January 2026,2026-01-30
11198,"Vukic, Aleksandar",4,38.0,14.0,31.0,10.0,209.0,304.0,116.0,206.0,-52.0,0.6875,0.5631067961165048,0.4516129032258064,1972.5,7402.5,1659.0,11598.5,6398.0,4746.0,2968.5,5249.285714285715,4674.0,January 2026,2026-01-30
11214,"Walton, Adam",1,27.0,5.0,14.0,10.0,145.0,224.0,48.0,86.0,-50.0,0.6473214285714286,0.5581395348837209,0.3571428571428571,3144.0,7402.5,6056.0,11592.0,8421.0,5093.0,6128.0,6833.785714285715,9076.5,January 2026,2026-01-30
11226,"Watanuki, Yosuke",0,13.0,3.0,13.0,7.0,47.0,67.0,17.0,33.0,-6.0,0.7014925373134329,0.5151515151515151,0.2307692307692307,5745.0,5829.5,9555.5,10317.0,5508.0,7695.0,9137.5,7683.928571428572,10608.0,January 2026,2026-01-30
11232,"Watt, James",0,4.0,0.0,3.0,3.0,33.0,51.0,7.0,14.0,-10.0,0.6470588235294118,0.5,0.0,8947.0,2860.0,9555.5,10521.5,8442.5,8387.0,10389.5,8443.285714285714,11381.0,January 2026,2026-01-30
11236,"Wawrinka, Stan",3,83.0,11.0,61.0,17.0,410.0,539.0,198.0,323.0,-1.0,0.7606679035250464,0.6130030959752322,0.180327868852459,405.0,9643.5,2508.0,10096.5,2032.0,1923.0,9665.0,5181.857142857143,4412.0,January 2026,2026-01-30
11246,"Winter, Edward",0,0.0,1.0,2.0,2.0,28.0,51.0,9.0,20.0,-22.0,0.5490196078431373,0.45,0.5,11184.0,1985.5,9555.5,11160.0,10578.0,9821.5,1824.5,8015.571428571428,11014.0,January 2026,2026-01-30
11258,"Wong, Coleman",4,68.0,18.0,50.0,10.0,211.0,287.0,78.0,138.0,37.0,0.735191637630662,0.5652173913043478,0.36,640.5,7402.5,1659.0,270.5,3424.0,4605.0,6043.0,3434.928571428572,597.0,January 2026,2026-01-30
11266,"Wu, Yibing",5,38.0,26.0,55.0,12.0,270.0,383.0,114.0,220.0,30.0,0.7049608355091384,0.5181818181818182,0.4727272727272727,1972.5,8210.0,1055.5,337.5,5272.0,7541.5,2487.5,3839.5,1188.0,January 2026,2026-01-30
11371,"Ymer, Elias",3,26.0,9.0,24.0,16.0,223.0,301.0,100.0,179.0,0.0,0.7408637873754153,0.5586592178770949,0.375,3285.5,9406.0,2508.0,5510.5,3073.0,5061.5,5539.5,4912.0,3677.0,January 2026,2026-01-30
11514,"Zeppieri, Giulio",2,23.0,5.0,12.0,11.0,113.0,160.0,36.0,59.0,-2.0,0.70625,0.6101694915254238,0.4166666666666667,3726.5,7818.5,3822.0,10139.5,5185.0,2035.0,4064.5,5255.857142857143,4689.0,January 2026,2026-01-30
11521,Zhang Z / Zhu L,1,3.0,4.0,6.0,0.0,29.0,58.0,11.0,19.0,-13.0,0.5,0.5789473684210527,0.6666666666666666,9455.5,462.5,6056.0,10688.0,10841.0,3724.5,479.0,5958.071428571428,6735.0,January 2026,2026-01-30
11526,"Zhang, Zhizhen",1,22.0,3.0,13.0,3.0,124.0,171.0,47.0,88.0,-39.0,0.7251461988304093,0.5340909090909091,0.2307692307692307,3894.0,2860.0,6056.0,11524.0,4075.0,6577.5,9137.5,6303.428571428572,7559.0,January 2026,2026-01-30
11536,"Zheng, Michael",4,30.0,21.0,46.0,1.0,248.0,358.0,74.0,147.0,7.0,0.6927374301675978,0.5034013605442177,0.4565217391304347,2769.5,1237.5,1659.0,759.0,6071.0,8155.5,2823.0,3353.5,505.0,January 2026,2026-01-30
11562,"Zhou, Yi",1,14.0,5.0,9.0,1.0,67.0,92.0,23.0,37.0,18.0,0.7282608695652174,0.6216216216216216,0.5555555555555556,5489.5,1237.5,6056.0,505.0,3875.0,1608.5,1035.5,2829.5714285714284,145.0,January 2026,2026-01-30
11567,"Zhu, Lin",0,0.0,5.0,11.0,2.0,39.0,78.0,10.0,29.0,-40.0,0.5,0.3448275862068966,0.4545454545454545,11184.0,1985.5,9555.5,11534.5,10841.0,10781.5,2889.5,8395.92857142857,11340.5,January 2026,2026-01-30
11576,Zielinski J / Kawa K,5,17.0,17.0,32.0,9.0,105.0,159.0,49.0,86.0,33.0,0.660377358490566,0.5697674418604651,0.53125,4808.5,6924.0,1055.5,306.0,7843.0,4310.0,1239.5,3783.785714285714,1093.5,January 2026,2026-01-30
11615,Zverev A / Siegemund L,1,14.0,8.0,13.0,1.0,56.0,86.0,13.0,25.0,12.0,0.6511627906976745,0.52,0.6153846153846154,5489.5,1237.5,6056.0,644.5,8269.5,7420.5,663.5,4254.428571428572,2052.0,January 2026,2026-01-30
11620,"Zverev, Alexander",6,119.0,32.0,65.0,10.0,461.0,609.0,124.0,204.0,125.0,0.7569786535303776,0.6078431372549019,0.4923076923076923,122.0,7402.5,653.0,22.5,2212.0,2137.5,2205.5,2107.8571428571427,16.0,January 2026,2026-01-30
11629,de Minaur A / Hunter S,1,0.0,4.0,6.0,3.0,29.0,41.0,3.0,6.0,11.0,0.7073170731707317,0.5,0.6666666666666666,11184.0,2860.0,6056.0,670.0,5120.5,8387.0,479.0,4965.214285714285,3832.5,January 2026,2026-01-30
11634,"de Minaur, Alex",6,47.0,32.0,77.0,24.0,292.0,393.0,146.0,243.0,94.0,0.7430025445292621,0.6008230452674898,0.4155844155844156,1380.0,10717.5,653.0,55.0,2943.0,2443.0,4128.0,3188.5,359.0,January 2026,2026-01-30
